q01,q02,q03,q04,q05,q06,q06a,q07,q07a,q07b,q08,q09,q10,q11,q12,q13,q14
a,a,a,e,g,d,NA,b,NA,NA,a,b,f,b,e,a,a
a,a,a,d,c,d,NA,a,d,c,b,a,m,b,c,d,e
a,a,a,d,e,d,b,a,d,a,b,a,NA,a,e,b,a
a,a,a,a,e,d,b,b,NA,NA,b,a,f,b,e,a,e
a,a,a,d,c,d,NA,b,NA,NA,b,a,f,a,c,b,f
a,a,a,a,a,d,NA,a,d,a,b,a,f,b,f,a,a
a,a,a,d,c,c,b,a,c,d,a,a,f,a,e,b,c
a,a,a,a,i,d,b,b,NA,NA,a,a,f,a,e,c,a
a,a,a,b,e,d,NA,a,d,d,a,b,f,a,f,b,c
a,a,a,d,c,d,a,a,b,d,a,a,t,a,f,a,b
a,a,a,b,e,d,c,b,NA,NA,a,b,d,a,c,c,b
a,a,a,d,c,d,d,d,b,NA,a,a,f,b,d,d,b
a,a,a,d,c,d,b,b,NA,NA,a,a,f,a,f,b,a
a,a,a,e,c,d,NA,b,NA,NA,a,a,f,a,f,b,f
a,a,a,e,i,NA,NA,a,d,c,b,a,f,a,e,d,a
a,a,a,d,c,d,c,a,c,c,b,a,NA,b,e,b,e
a,a,a,a,c,d,b,a,c,a,b,a,f,a,e,b,a
a,a,a,a,c,NA,NA,a,a,c,b,a,f,a,e,b,a
a,a,a,a,c,NA,NA,a,c,c,b,a,f,b,e,c,a
a,a,a,d,c,NA,NA,a,a,c,b,a,j,a,e,d,b
a,a,a,a,d,NA,NA,a,a,c,b,a,f,a,e,d,f
a,a,a,e,e,a,a,a,a,a,a,b,NA,b,e,b,b
a,a,a,a,c,d,a,a,c,a,a,b,f,b,d,b,b
a,a,a,d,i,d,a,a,c,a,a,b,f,b,e,c,b
a,a,a,d,c,c,d,a,a,a,NA,NA,b,a,d,b,a
a,a,a,d,e,d,a,a,c,a,a,a,f,a,e,b,g
a,a,a,b,i,c,c,b,NA,NA,b,a,f,b,d,d,b
a,a,a,d,c,d,c,a,a,a,a,a,b,b,d,c,f
a,a,a,d,f,c,b,b,NA,NA,b,a,j,a,c,b,f
a,a,a,d,c,d,NA,NA,NA,NA,a,a,f,b,c,b,d
a,a,a,d,c,d,b,a,c,a,b,a,f,b,e,c,b
a,a,a,d,c,d,b,a,c,a,b,a,f,b,e,c,f
a,a,a,d,c,c,b,a,c,c,a,b,b,b,d,b,NA
a,a,a,e,f,d,NA,b,NA,NA,b,a,f,b,c,d,d
a,a,a,e,g,d,NA,b,NA,NA,b,a,j,b,c,b,f
a,a,a,a,d,d,d,a,d,a,a,a,f,b,e,c,a
a,a,a,a,e,d,NA,a,b,d,b,a,j,b,e,d,a
a,a,a,d,d,d,NA,a,b,a,b,a,f,b,c,d,b
a,a,a,a,d,d,d,a,d,a,a,a,f,b,e,c,a
a,a,a,d,d,d,NA,a,b,a,b,a,f,b,c,d,b
a,a,a,d,c,a,a,b,NA,NA,b,a,m,b,e,b,f
a,a,a,a,b,c,b,a,d,d,b,a,NA,a,c,d,b
a,a,a,a,c,a,b,a,b,c,a,a,f,a,e,b,f
a,a,a,a,c,d,NA,a,a,d,b,b,f,b,d,b,f
a,a,a,a,c,d,NA,a,c,a,b,a,f,b,e,b,e
a,a,a,b,c,d,NA,a,d,a,b,a,f,a,e,c,b
a,a,a,b,e,NA,NA,a,d,a,a,b,f,a,f,b,c
a,a,a,a,e,d,b,b,NA,NA,b,a,m,a,d,a,e
a,a,a,b,c,d,a,b,NA,NA,b,a,f,b,d,b,b
a,a,a,d,c,d,b,b,NA,NA,b,a,f,b,e,b,b
a,a,a,b,i,d,b,b,NA,NA,b,a,NA,a,e,c,b
a,a,a,b,d,d,a,b,NA,NA,a,a,f,b,d,c,f
a,a,a,a,i,d,NA,b,NA,NA,a,a,j,a,d,b,a
a,a,a,b,f,d,NA,b,NA,NA,b,a,NA,b,d,c,f
a,a,a,a,c,d,d,a,b,d,a,a,e,b,e,b,b
a,a,a,e,c,d,b,a,d,c,b,a,g,b,d,b,g
a,a,a,a,d,d,NA,b,NA,NA,b,a,j,a,b,d,f
a,a,a,d,d,d,NA,a,d,a,a,a,f,a,b,b,d
a,a,a,a,i,d,NA,b,NA,NA,a,a,j,a,d,b,a
a,a,a,d,e,d,d,b,NA,NA,b,a,f,b,d,b,f
a,a,a,d,f,c,a,a,c,a,a,a,j,b,e,c,c
a,a,a,a,i,d,b,b,NA,NA,a,a,j,a,e,c,f
a,a,a,e,c,b,b,b,NA,NA,b,b,k,a,d,c,d
a,a,a,d,h,c,d,a,c,d,a,a,g,a,d,b,g
a,a,a,a,c,d,c,b,NA,NA,a,a,k,b,d,c,f
a,a,a,b,d,b,b,b,NA,NA,a,b,f,b,c,c,c
a,a,a,a,c,d,b,a,d,a,a,a,NA,a,e,c,f
a,a,a,c,d,c,c,b,NA,NA,a,a,h,a,d,a,a
a,a,a,b,i,d,c,a,a,a,a,a,k,a,e,b,c
a,a,a,e,h,c,b,NA,NA,NA,b,b,k,a,a,a,d
a,a,a,a,d,a,c,a,b,a,a,b,b,a,e,a,d
a,a,a,a,c,a,a,b,NA,NA,a,b,f,b,e,a,f
a,a,a,b,c,a,b,b,NA,NA,a,b,f,b,e,a,a
a,a,a,b,g,d,NA,a,b,c,a,a,f,a,d,a,d
a,a,a,d,c,a,c,b,NA,NA,a,a,f,a,e,d,d
a,a,a,d,g,c,c,a,b,c,a,b,b,b,d,a,b
a,a,a,e,c,b,a,a,a,d,a,b,f,b,e,b,c
a,a,a,d,d,d,NA,b,NA,NA,a,a,NA,b,e,b,a
a,a,a,e,e,d,NA,b,NA,NA,a,a,f,a,f,d,f
a,a,a,e,c,d,b,NA,NA,b,a,NA,b,NA,d,d,b
a,a,a,e,d,d,b,b,NA,d,a,a,f,b,d,c,b
a,a,a,e,g,d,a,b,NA,NA,b,a,NA,a,e,d,a
a,a,a,d,c,d,a,b,NA,NA,b,a,NA,b,e,b,f
a,a,a,d,c,d,NA,b,NA,NA,b,a,NA,a,e,a,c
a,a,a,b,f,d,NA,b,d,NA,b,a,f,b,f,c,f
a,a,a,c,c,d,NA,b,NA,NA,a,a,f,b,e,d,f
a,a,a,a,a,d,a,b,NA,NA,a,a,g,b,e,d,b
a,a,a,c,i,d,NA,a,d,d,a,b,f,b,b,c,f
a,a,a,d,c,d,NA,a,d,c,a,a,f,a,d,b,b
a,a,a,a,d,d,NA,a,d,d,b,a,t,b,e,b,e
a,a,a,d,e,d,NA,b,NA,NA,b,a,NA,b,e,b,b
a,a,a,d,c,d,b,a,d,d,b,a,f,b,d,b,f
a,a,a,d,d,d,a,b,NA,NA,a,a,f,b,c,b,c
a,a,a,d,c,a,c,b,NA,NA,a,b,b,a,f,a,a
a,a,a,b,i,d,c,a,c,a,a,a,s,a,d,d,b
a,a,a,d,d,d,a,a,c,c,a,a,f,b,c,b,c
a,a,a,d,c,a,c,b,NA,NA,a,b,b,a,f,a,a
a,a,a,b,i,d,c,a,c,a,a,a,s,a,d,d,b
a,a,a,d,d,d,a,a,c,d,a,a,f,b,c,b,c
a,a,a,c,i,d,NA,a,d,d,a,b,f,b,b,c,f
a,a,a,b,i,d,c,a,c,a,a,a,s,a,d,d,b
a,a,b,e,f,d,d,b,NA,NA,a,a,NA,b,e,d,e
a,a,b,a,c,d,b,b,NA,NA,b,a,f,b,d,d,a
a,a,b,a,f,d,NA,b,NA,NA,a,a,NA,b,d,d,f
a,a,b,a,d,d,d,a,c,c,b,a,d,b,c,c,f
a,a,b,a,e,d,b,b,NA,NA,b,a,f,b,e,b,a
a,a,b,d,a,d,b,b,NA,NA,b,a,f,a,e,d,a
a,a,b,d,d,d,d,b,NA,NA,a,a,k,b,e,b,b
a,a,b,e,c,d,NA,a,d,a,b,a,f,a,e,b,f
a,a,b,e,a,d,b,b,NA,NA,a,b,f,a,e,c,a
a,a,b,a,f,a,a,b,NA,NA,a,a,f,b,e,b,f
a,a,b,d,c,d,d,b,NA,NA,a,a,NA,b,d,b,b
a,a,b,d,e,c,a,a,d,a,b,a,NA,a,e,b,e
a,a,b,d,c,d,NA,a,c,d,a,a,f,b,c,b,a
a,a,b,a,d,d,c,a,d,a,b,a,f,b,f,b,f
a,a,b,d,c,d,b,b,NA,NA,a,a,NA,a,e,a,c
a,a,b,a,d,NA,NA,a,b,c,b,a,f,b,e,d,b
a,a,b,a,i,c,c,b,NA,NA,a,a,c,b,d,d,b
a,a,b,d,h,d,b,a,d,a,b,a,f,a,c,c,e
a,a,b,d,i,d,c,a,d,d,a,a,f,b,d,d,d
a,a,b,d,c,d,NA,a,c,a,b,a,j,a,d,d,f
a,a,b,a,d,d,b,a,d,a,b,a,f,a,e,c,f
a,a,b,d,c,d,c,b,NA,NA,a,a,f,b,e,b,e
a,a,b,a,c,d,NA,a,d,NA,a,a,f,b,e,b,f
a,a,b,a,a,d,NA,b,NA,NA,b,a,f,a,e,d,f
a,a,b,e,f,d,NA,b,NA,NA,a,a,t,a,e,d,a
a,a,b,d,e,d,NA,b,NA,NA,b,a,f,b,e,b,b
a,a,b,a,a,d,NA,a,a,a,a,b,e,a,c,c,e
a,a,b,b,e,d,NA,a,a,a,a,b,e,b,c,b,b
a,a,b,a,a,d,NA,a,a,a,a,b,e,a,c,c,e
a,a,b,d,e,d,NA,b,NA,NA,b,a,f,b,e,b,b
a,a,b,e,f,d,NA,b,NA,NA,a,a,t,a,e,d,a
a,a,b,b,e,d,NA,a,a,a,a,b,e,b,c,b,b
a,a,b,d,e,d,NA,b,NA,NA,b,a,f,b,e,b,b
a,a,b,e,d,d,c,b,NA,NA,b,a,m,b,c,d,a
a,a,b,e,f,d,NA,b,NA,NA,a,a,m,a,e,d,a
a,a,b,a,a,d,NA,a,a,a,a,b,e,a,c,c,e
a,a,b,b,e,d,NA,a,a,a,a,b,e,b,c,b,b
a,a,b,b,e,d,NA,a,a,a,a,b,e,b,c,b,b
a,a,b,b,g,b,b,b,NA,NA,a,a,c,b,c,d,e
a,a,b,b,h,c,c,a,b,a,a,b,f,b,c,d,c
a,a,b,a,d,d,NA,a,c,c,b,a,j,a,e,a,d
a,a,b,b,c,c,c,b,NA,NA,a,a,c,a,e,a,e
a,a,b,d,e,d,b,a,d,a,a,a,j,a,c,a,e
a,a,b,d,d,c,d,a,c,d,a,b,m,b,d,c,g
a,a,b,d,i,d,d,a,d,a,b,a,t,b,c,b,f
a,a,b,e,g,NA,NA,b,NA,NA,b,a,NA,b,NA,c,d
a,a,b,e,e,d,NA,a,d,a,b,a,NA,NA,e,d,a
a,a,b,c,a,a,c,a,c,c,a,a,f,b,e,d,c
a,a,b,d,e,d,c,a,c,a,a,a,f,a,c,b,a
a,a,b,a,d,d,NA,b,NA,NA,b,a,f,b,e,c,f
a,a,b,a,c,d,NA,b,NA,NA,b,b,f,b,b,c,a
a,a,b,a,e,a,a,b,NA,NA,b,a,f,b,c,c,g
a,a,b,e,d,d,NA,a,d,a,b,a,t,b,e,d,f
a,a,b,e,d,d,c,b,NA,NA,b,a,n,b,c,d,a
a,a,b,e,f,d,NA,b,NA,NA,a,a,m,a,e,d,a
a,a,b,a,a,d,NA,a,a,a,a,b,e,a,c,c,e
a,a,b,b,e,d,NA,a,a,a,a,b,e,b,c,b,b
a,a,b,a,e,d,NA,b,NA,NA,b,a,f,a,e,b,e
a,a,b,d,e,d,a,b,NA,NA,a,a,j,b,e,d,a
a,a,b,a,a,c,b,b,NA,NA,a,a,f,b,c,c,d
a,a,b,d,d,d,c,b,NA,NA,b,b,k,b,d,b,e
a,a,b,e,i,d,b,b,NA,NA,b,b,j,b,c,d,g
a,a,b,a,b,c,b,b,NA,NA,a,a,j,a,d,a,a
a,a,b,b,c,d,d,a,d,a,a,a,j,b,c,b,b
a,a,b,d,e,d,b,b,NA,NA,a,a,f,a,c,c,e
a,a,b,e,i,d,b,a,c,b,b,a,k,a,d,b,e
a,a,b,d,e,d,b,b,NA,NA,a,a,f,a,c,c,e
a,a,b,a,h,c,b,a,d,d,b,a,f,a,e,d,e
a,a,b,a,d,d,a,a,b,d,a,b,k,a,e,a,e
a,a,b,a,d,d,NA,a,d,a,a,b,f,b,e,d,e
a,a,b,a,d,d,NA,b,NA,NA,a,b,f,b,d,d,b
a,a,b,d,d,d,NA,b,NA,NA,b,a,f,b,c,c,b
a,a,b,e,c,d,c,b,NA,NA,b,a,f,b,d,d,b
a,a,b,c,e,d,d,b,NA,NA,a,a,f,a,e,c,f
a,a,b,e,e,d,c,a,c,a,a,a,k,NA,c,b,b
a,a,b,a,c,d,a,b,NA,NA,b,a,t,b,d,c,b
a,a,b,d,c,d,a,b,NA,NA,b,b,f,b,e,c,b
a,a,b,d,c,d,b,b,NA,NA,a,a,f,a,e,c,a
a,a,b,d,c,d,a,a,d,d,a,a,f,b,e,b,b
a,a,b,d,e,d,d,b,NA,NA,a,a,f,b,e,b,f
a,a,b,d,f,d,b,b,NA,NA,a,b,f,b,e,c,d
a,a,b,a,e,b,b,a,d,a,b,a,t,b,c,c,e
a,a,b,a,e,d,NA,b,NA,NA,b,a,f,b,e,d,a
a,a,b,e,c,d,NA,b,NA,NA,b,a,f,b,f,d,a
a,a,b,e,d,b,a,d,NA,b,a,NA,a,NA,c,NA,f
a,a,b,b,d,d,NA,b,NA,NA,a,b,NA,a,e,d,b
a,a,b,d,d,d,a,b,NA,NA,b,a,f,b,e,d,d
a,a,b,a,d,d,a,a,d,a,b,a,f,b,f,b,f
a,a,b,a,g,d,NA,b,d,d,a,a,f,b,d,d,f
a,a,b,c,g,d,d,a,c,b,a,b,a,NA,a,c,e
a,a,b,a,a,d,d,a,c,a,b,a,f,b,e,a,a
a,a,b,e,a,d,b,a,d,a,a,b,f,a,f,b,a
a,a,b,e,a,d,b,a,c,c,a,a,t,b,f,a,a
a,a,b,b,c,b,a,c,d,a,b,NA,b,NA,d,c,d
a,a,b,c,g,d,d,a,c,b,a,b,a,b,a,c,e
a,a,b,c,g,d,d,a,c,b,a,b,a,NA,a,c,e
a,a,b,a,a,d,d,a,c,a,b,a,f,b,e,a,a
a,a,b,e,a,d,b,a,d,a,a,b,f,a,f,b,a
a,a,b,e,a,d,b,a,c,c,a,a,t,b,f,a,a
a,a,b,b,c,b,a,c,d,a,b,NA,b,NA,d,c,d
a,a,b,c,g,d,d,a,c,b,a,b,a,b,a,c,e
a,a,b,c,g,d,d,a,c,b,a,b,a,NA,a,c,e
a,a,b,b,c,b,a,c,d,a,b,NA,b,NA,d,c,d
a,a,b,a,a,d,d,a,c,a,b,a,f,b,e,a,a
a,a,b,e,a,d,b,a,d,a,a,b,f,a,f,b,a
a,a,b,e,c,d,c,a,d,c,b,a,t,b,d,d,b
a,a,b,c,e,d,d,b,NA,NA,a,a,k,a,e,c,f
a,a,b,e,a,d,b,a,c,c,a,a,t,b,f,a,a
a,a,b,b,c,b,a,c,d,a,b,NA,b,NA,d,c,d
a,a,b,c,g,d,d,a,c,b,a,b,a,b,a,c,e
a,a,b,e,a,d,b,a,c,a,a,b,NA,b,a,c,a
a,a,NA,a,a,a,c,a,b,b,a,a,m,b,f,d,a
a,a,NA,b,e,c,b,a,b,a,a,b,f,NA,b,c,f
a,b,a,d,d,d,NA,b,NA,NA,a,a,j,a,b,b,f
a,b,a,d,c,d,b,a,d,c,b,a,f,b,c,d,a
a,b,a,d,c,d,b,b,NA,NA,a,a,f,b,d,b,d
a,b,a,d,c,c,a,a,b,d,b,a,j,b,c,d,e
a,b,a,a,f,d,c,a,a,c,a,a,NA,b,c,c,f
a,b,a,d,c,d,b,a,c,c,a,b,f,a,d,b,e
a,b,a,a,c,b,c,a,c,a,b,a,d,b,d,b,c
a,b,a,a,h,d,c,b,NA,NA,a,a,b,b,e,d,a
a,b,a,a,c,c,b,a,c,c,a,a,f,a,c,c,a
a,b,a,a,c,a,c,b,NA,NA,b,a,f,b,d,d,b
a,b,a,d,c,c,c,a,d,a,a,a,f,a,c,d,b
a,b,a,e,c,d,NA,a,d,a,a,a,j,a,d,d,f
a,b,a,b,i,d,NA,b,NA,NA,a,b,k,b,e,a,g
a,b,a,a,i,d,c,b,NA,NA,b,a,t,b,f,c,a
a,b,a,d,c,d,NA,b,NA,NA,a,b,j,b,c,d,f
a,b,a,a,e,b,c,b,NA,NA,b,a,k,b,e,c,f
a,b,a,d,c,d,a,a,b,a,a,b,k,b,e,b,b
a,b,a,a,a,d,NA,a,c,a,a,a,f,a,d,a,a
a,b,a,b,f,d,c,a,a,d,a,a,k,a,e,c,d
a,b,a,a,d,d,NA,b,NA,NA,a,a,a,b,c,d,b
a,b,a,a,d,d,b,b,NA,NA,a,a,f,b,e,b,b
a,b,a,d,c,c,b,a,b,c,b,a,j,b,e,d,b
a,b,a,d,e,c,b,a,c,a,b,a,f,b,e,d,b
a,b,a,d,c,c,b,a,b,c,b,a,j,b,e,d,b
a,b,a,a,d,d,b,b,NA,NA,a,a,f,b,e,b,b
a,b,a,a,d,d,NA,b,NA,NA,a,a,a,b,c,d,b
a,b,a,a,d,d,NA,b,NA,NA,a,a,a,b,c,d,b
a,b,a,e,c,b,b,a,c,a,a,b,e,a,a,b,b
a,b,a,d,a,a,d,b,NA,NA,b,b,m,b,f,d,g
a,b,a,e,b,b,b,b,NA,NA,a,b,i,a,d,c,a
a,b,a,b,c,d,NA,b,NA,NA,b,a,NA,b,e,d,b
a,b,a,e,d,d,a,b,NA,NA,a,a,t,b,c,d,e
a,b,a,a,c,c,NA,a,b,a,b,a,m,b,e,d,b
a,b,a,b,i,c,a,a,c,c,a,a,t,b,e,b,c
a,b,a,b,f,c,b,b,NA,NA,a,a,f,a,e,a,d
a,b,a,d,g,d,NA,b,NA,NA,a,a,j,b,d,b,e
a,b,a,a,e,c,b,a,d,a,a,a,c,b,d,c,c
a,b,a,e,i,c,c,b,NA,NA,a,a,j,a,d,b,d
a,b,a,a,e,c,b,a,c,a,b,a,c,a,c,d,e
a,b,a,e,g,d,b,a,d,d,a,a,m,a,e,d,b
a,b,a,a,c,d,NA,a,d,a,b,a,f,b,d,b,d
a,b,a,d,e,d,NA,a,b,d,a,a,f,b,c,b,f
a,b,a,b,c,c,c,a,a,d,a,a,NA,b,d,b,g
a,b,a,d,f,b,b,b,NA,NA,a,b,f,b,c,b,f
a,b,a,d,e,c,a,a,d,a,b,a,j,a,e,b,b
a,b,a,a,e,d,c,a,d,a,b,a,j,b,d,c,d
a,b,a,b,c,d,NA,b,NA,NA,a,a,f,b,d,b,b
a,b,a,d,c,d,d,a,d,a,a,b,j,b,e,d,d
a,b,a,e,c,d,c,a,c,a,a,a,f,b,d,d,a
a,b,a,d,c,d,b,a,d,a,a,b,k,a,c,b,f
a,b,a,e,d,d,a,b,NA,NA,b,a,f,b,e,d,d
a,b,a,d,c,d,NA,a,d,d,a,a,t,a,e,b,d
a,b,a,d,c,d,a,b,NA,a,a,a,f,b,d,c,f
a,b,a,e,c,d,NA,a,b,b,b,a,f,b,d,a,e
a,b,a,a,c,c,b,a,b,a,b,a,m,b,e,d,b
a,b,a,b,i,c,a,a,c,a,a,a,t,b,e,b,c
a,b,a,d,c,c,b,a,b,c,b,a,m,b,e,b,b
a,b,a,c,e,c,c,a,c,a,b,a,f,a,d,d,e
a,b,a,b,b,b,b,b,NA,NA,a,a,k,b,c,c,c
a,b,a,a,c,d,a,a,d,b,a,a,k,a,d,c,b
a,b,a,a,a,d,c,b,NA,NA,a,a,j,a,c,c,e
a,b,a,a,a,d,c,b,NA,NA,a,a,j,a,c,c,e
a,b,a,d,b,a,b,b,NA,NA,a,a,f,b,c,c,b
a,b,a,d,c,a,b,a,a,d,b,a,f,b,d,a,d
a,b,a,d,g,b,a,b,NA,NA,a,b,k,b,d,b,d
a,b,a,e,a,d,NA,a,a,a,a,a,f,b,e,c,g
a,b,a,e,c,c,b,a,c,b,a,b,g,a,c,NA,g
a,b,a,d,a,d,a,b,NA,NA,b,a,f,a,c,d,e
a,b,a,d,h,d,d,b,NA,a,a,b,f,b,c,c,d
a,b,a,d,i,a,b,a,d,c,a,b,f,a,c,b,c
a,b,a,d,c,a,c,b,NA,NA,b,a,g,a,e,b,g
a,b,a,d,h,d,d,b,NA,a,a,b,f,b,c,c,d
a,b,a,d,i,a,b,a,d,c,a,b,f,a,c,b,c
a,b,a,d,h,d,d,a,d,a,a,b,f,b,c,c,d
a,b,a,d,i,a,b,a,d,c,a,b,f,a,c,b,c
a,b,a,d,c,a,c,b,NA,NA,b,a,g,a,e,b,g
a,b,a,d,h,d,d,b,NA,a,a,b,f,b,c,c,d
a,b,a,d,i,a,b,a,d,c,a,b,f,a,c,b,c
a,b,a,d,h,d,d,a,d,a,a,b,f,b,c,c,d
a,b,a,d,i,a,b,a,d,c,a,b,g,a,c,b,c
a,b,a,d,i,a,b,b,d,c,a,b,f,a,c,b,c
a,b,a,d,h,d,d,b,NA,a,b,b,f,b,c,c,d
a,b,b,e,g,d,a,a,d,d,a,a,NA,b,e,c,b
a,b,b,d,c,c,c,b,NA,NA,a,a,i,a,d,b,a
a,b,b,e,d,d,c,a,b,b,b,a,f,a,e,d,f
a,b,b,d,c,d,a,b,NA,NA,a,a,t,b,e,d,b
a,b,b,b,c,d,d,b,NA,NA,b,a,NA,a,e,a,d
a,b,b,a,a,d,c,a,c,a,a,a,j,b,c,a,b
a,b,b,a,f,d,c,b,NA,NA,b,b,f,b,c,c,f
a,b,b,d,c,c,c,a,c,d,a,a,NA,b,e,b,f
a,b,b,d,e,c,b,b,NA,NA,a,a,NA,b,e,a,b
a,b,b,a,c,d,NA,a,d,a,a,a,m,b,c,b,f
a,b,b,e,d,c,b,a,c,d,b,a,f,b,c,b,a
a,b,b,a,e,c,b,a,c,NA,b,a,f,b,c,b,a
a,b,b,a,c,d,d,b,NA,NA,a,a,f,a,d,b,c
a,b,b,a,e,d,c,b,NA,NA,b,a,j,a,e,d,b
a,b,b,a,c,b,c,a,b,a,b,a,k,b,e,c,a
a,b,b,a,e,d,NA,b,NA,NA,b,a,f,b,c,a,a
a,b,b,d,d,c,b,a,c,c,a,b,f,b,c,d,d
a,b,b,a,d,d,a,b,NA,NA,a,a,t,b,c,d,e
a,b,b,e,a,d,a,a,a,d,b,a,c,a,e,d,e
a,b,b,e,c,d,NA,b,NA,NA,b,a,f,a,c,d,f
a,b,b,d,c,c,b,b,NA,NA,b,a,f,a,c,b,f
a,b,b,b,e,d,c,b,NA,NA,a,a,e,b,c,d,b
a,b,b,d,c,c,NA,b,NA,NA,b,a,f,a,c,b,f
a,b,b,e,c,d,NA,b,NA,NA,b,a,f,a,c,d,f
a,b,b,e,a,d,a,a,a,d,b,a,c,a,e,d,e
a,b,b,a,d,d,a,b,NA,NA,a,a,t,b,c,d,e
a,b,b,b,e,d,c,b,NA,NA,a,a,e,b,c,d,b
a,b,b,e,c,d,NA,b,NA,NA,b,a,f,a,c,d,f
a,b,b,d,c,c,NA,b,NA,NA,b,a,f,a,c,b,f
a,b,b,a,e,d,a,b,NA,NA,a,a,t,b,c,d,e
a,b,b,e,f,d,NA,b,NA,NA,b,a,m,a,d,d,a
a,b,b,a,h,c,c,b,NA,NA,b,a,c,a,e,a,e
a,b,b,d,g,c,c,b,NA,NA,a,b,m,b,e,b,b
a,b,b,d,g,c,c,b,NA,NA,a,a,m,a,e,b,a
a,b,b,a,c,d,NA,a,d,c,b,a,m,a,c,c,e
a,b,b,a,c,d,NA,b,NA,NA,a,a,t,b,e,a,b
a,b,b,d,c,d,d,a,c,a,b,a,b,b,e,d,e
a,b,b,d,c,d,b,a,d,a,a,a,f,b,d,b,a
a,b,b,a,a,d,NA,a,d,a,a,a,j,b,d,b,f
a,b,b,a,e,c,b,a,d,a,a,b,j,a,c,c,d
a,b,b,e,c,d,NA,b,NA,NA,b,a,e,b,d,d,b
a,b,b,a,d,a,b,b,NA,NA,a,a,f,a,c,d,f
a,b,b,d,c,d,d,a,d,d,b,a,j,b,d,d,f
a,b,b,e,d,d,d,b,NA,NA,a,b,f,b,c,b,f
a,b,b,b,h,NA,NA,b,NA,NA,a,b,j,NA,c,d,a
a,b,b,b,a,d,NA,a,c,d,b,b,k,b,c,c,b
a,b,b,e,c,d,c,b,d,d,b,a,k,b,d,d,g
a,b,b,b,e,d,a,b,NA,NA,b,a,NA,b,e,c,f
a,b,b,e,d,d,NA,a,d,a,b,a,f,a,d,d,b
a,b,b,b,e,d,NA,a,d,c,a,a,t,b,d,d,a
a,b,b,a,d,d,NA,a,c,a,a,a,k,a,d,d,f
a,b,b,d,c,d,NA,b,NA,NA,b,a,f,a,e,c,b
a,b,b,e,c,d,a,a,d,a,b,a,f,a,e,d,a
a,b,b,a,c,c,c,a,c,c,a,b,k,b,c,d,d
a,b,b,a,c,d,NA,a,c,d,b,a,f,a,d,d,f
a,b,b,a,e,d,d,NA,b,NA,NA,a,a,NA,c,d,e
a,b,b,e,f,d,NA,b,NA,NA,b,a,n,a,d,d,a
a,b,b,e,d,a,a,b,NA,NA,a,a,f,b,c,c,a
a,b,b,e,f,c,c,b,NA,NA,b,b,k,a,d,b,f
a,b,b,a,a,a,d,a,d,a,a,b,f,a,e,c,a
a,b,b,e,i,b,b,a,c,a,b,a,i,a,d,b,c
a,b,b,a,c,c,a,b,NA,NA,a,a,f,b,d,c,e
a,b,b,e,d,a,a,b,NA,NA,a,a,f,b,c,c,a
a,b,b,a,a,d,a,a,d,a,a,b,NA,a,e,c,a
a,b,b,a,d,a,b,a,a,a,b,a,f,b,c,c,d
a,b,b,a,f,c,a,a,b,c,a,b,f,b,d,a,d
a,b,b,a,d,c,b,b,NA,NA,a,b,f,a,d,d,f
a,b,b,b,f,c,d,b,NA,NA,b,a,k,b,c,b,d
a,b,b,b,f,a,b,a,c,c,b,a,f,b,e,b,c
a,b,b,e,f,d,a,a,d,d,b,b,k,b,c,d,g
a,b,b,e,i,d,d,a,a,d,b,a,f,b,c,b,d
a,b,b,e,d,d,b,b,NA,NA,b,b,f,b,c,d,f
a,b,b,d,c,d,a,b,NA,NA,a,a,NA,b,e,b,f
a,b,b,d,c,b,c,a,b,b,a,a,f,b,c,d,e
a,b,b,d,c,b,c,a,b,b,a,a,f,b,c,d,e
a,b,b,d,c,b,c,a,b,b,a,a,f,b,c,d,e
a,b,b,d,c,b,c,a,b,b,a,a,g,b,c,d,e
a,b,b,d,c,b,c,a,b,b,a,a,g,b,c,d,e
a,b,b,e,d,d,b,b,NA,NA,b,b,j,b,c,d,f
a,b,b,d,c,b,c,a,b,b,a,a,g,b,c,d,e
a,b,NA,e,c,b,b,a,a,a,b,a,e,NA,a,d,e
a,c,a,e,g,d,NA,b,NA,NA,a,a,j,b,e,d,f
a,c,a,d,g,d,d,a,b,a,a,a,d,b,d,b,a
a,c,a,a,e,d,b,a,d,a,b,a,j,a,e,b,f
a,c,a,d,c,d,NA,a,d,d,b,a,NA,b,f,d,f
a,c,a,a,g,d,b,a,d,d,a,a,b,b,e,d,b
a,c,a,d,g,d,b,a,d,d,a,b,f,b,e,c,d
a,c,a,e,e,d,NA,b,NA,NA,a,a,f,b,f,d,f
a,c,a,d,b,c,a,a,c,a,b,a,f,a,b,b,f
a,c,a,d,b,c,b,a,d,b,a,a,k,b,c,d,a
a,c,a,e,c,d,NA,a,d,a,b,a,f,b,e,d,f
a,c,a,d,c,d,d,a,c,a,b,a,f,b,e,b,e
a,c,a,a,c,c,b,a,c,c,a,a,e,a,c,c,d
a,c,a,e,c,b,a,a,NA,NA,a,a,t,NA,d,d,a
a,c,a,d,c,d,d,a,c,d,a,b,f,b,e,b,b
a,c,a,e,e,d,NA,b,NA,NA,b,a,f,b,e,d,g
a,c,a,d,c,d,NA,a,c,a,b,a,f,b,d,a,a
a,c,a,d,c,d,NA,a,d,a,b,a,f,b,d,b,d
a,c,a,a,a,d,NA,b,NA,NA,a,b,f,b,e,b,g
a,c,a,a,f,d,b,a,b,d,a,b,k,b,d,d,b
a,c,a,d,g,c,a,a,d,a,a,b,d,b,NA,a,e
a,c,a,d,c,b,b,a,a,a,a,b,f,b,d,b,a
a,c,a,a,h,c,d,a,c,a,a,b,j,b,d,c,d
a,c,a,a,a,c,d,b,NA,NA,a,b,e,NA,c,b,d
a,c,a,d,e,d,NA,b,NA,NA,b,a,b,b,e,b,f
a,c,a,a,d,d,a,b,NA,NA,a,a,NA,b,e,c,b
a,c,a,a,c,d,b,a,d,a,b,a,f,a,e,b,a
a,c,a,a,c,d,NA,a,d,a,b,a,d,b,e,d,b
a,c,a,a,a,d,c,a,d,d,a,a,k,a,e,a,d
a,c,a,d,c,a,a,b,NA,NA,b,a,t,b,e,b,f
a,c,a,a,a,d,c,a,d,d,a,a,k,a,e,c,d
a,c,a,a,c,d,NA,a,d,a,b,a,d,b,e,d,b
a,c,a,a,c,d,b,a,d,a,b,a,f,a,e,b,a
a,c,a,a,d,d,a,b,NA,NA,a,a,NA,b,d,c,b
a,c,a,e,d,d,NA,b,NA,NA,b,a,j,b,d,b,b
a,c,a,a,c,d,NA,a,d,a,b,a,d,b,e,d,b
a,c,a,a,c,d,NA,a,d,a,b,a,d,b,e,d,b
a,c,a,b,i,c,a,a,d,d,b,a,NA,b,d,b,d
a,c,a,d,d,d,NA,b,NA,NA,b,a,NA,b,c,d,b
a,c,a,d,c,a,a,b,NA,NA,b,a,t,b,e,b,f
a,c,a,a,d,d,a,b,NA,NA,a,a,NA,b,e,c,b
a,c,a,e,i,c,b,b,NA,NA,b,a,j,a,e,a,f
a,c,a,d,e,d,a,b,NA,NA,b,a,m,b,e,c,b
a,c,a,d,c,d,NA,a,d,a,b,a,f,b,e,b,d
a,c,a,d,e,d,b,a,d,a,b,a,f,a,d,c,f
a,c,a,a,a,d,a,a,c,a,a,b,NA,a,e,b,b
a,c,a,b,c,d,NA,a,c,d,b,a,f,b,e,b,g
a,c,a,d,a,d,d,b,NA,NA,b,a,f,b,e,d,b
a,c,a,b,d,d,NA,a,c,d,a,a,f,a,e,b,b
a,c,a,d,f,d,NA,b,NA,NA,a,a,f,b,NA,d,f
a,c,a,a,c,d,d,a,d,d,a,a,k,b,e,d,b
a,c,a,d,c,d,b,b,NA,NA,a,b,f,b,d,b,a
a,c,a,d,c,c,b,b,NA,NA,a,a,f,b,e,b,f
a,c,a,e,c,b,b,a,d,a,a,a,b,b,d,a,b
a,c,a,d,c,d,NA,a,d,a,b,a,f,b,e,b,d
a,c,a,d,e,d,NA,b,NA,NA,b,a,m,b,e,b,b
a,c,a,e,c,d,NA,b,NA,NA,b,a,f,b,c,b,b
a,c,a,a,d,d,NA,a,d,d,a,a,f,b,c,c,b
a,c,a,d,c,a,b,a,c,d,a,a,f,a,c,d,d
a,c,a,a,c,d,NA,b,NA,NA,a,a,m,b,e,d,b
a,c,a,e,f,d,NA,b,NA,NA,b,a,j,a,c,c,b
a,c,a,a,d,d,a,b,NA,NA,a,a,m,b,e,c,d
a,c,a,d,e,d,b,a,d,a,b,a,f,a,d,c,f
a,c,a,d,e,d,NA,b,NA,NA,b,a,m,b,e,b,b
a,c,a,a,b,d,c,a,NA,NA,b,b,k,a,d,b,f
a,c,a,c,g,b,b,a,a,a,a,a,k,a,d,b,f
a,c,a,e,c,NA,NA,a,d,d,a,a,j,b,d,c,g
a,c,a,e,c,d,b,a,d,a,a,a,k,b,e,c,b
a,c,a,d,f,d,d,b,NA,NA,b,b,k,a,c,b,d
a,c,a,a,h,d,b,a,d,d,b,a,f,b,a,c,d
a,c,a,a,d,a,a,a,c,a,b,a,f,a,b,c,f
a,c,a,d,g,c,b,a,d,d,a,b,f,a,e,c,d
a,c,b,b,d,d,NA,a,d,a,b,a,NA,b,e,d,a
a,c,b,e,c,d,b,b,d,a,b,a,f,b,d,d,b
a,c,b,c,a,c,a,b,NA,NA,b,a,NA,b,e,c,b
a,c,b,a,a,d,NA,a,d,a,a,a,k,b,e,d,f
a,c,b,a,a,d,NA,a,d,d,a,b,b,a,e,c,g
a,c,b,d,e,d,b,a,b,a,b,a,f,b,b,d,d
a,c,b,e,f,d,c,a,c,a,b,a,k,b,e,b,f
a,c,b,d,e,d,a,a,a,d,a,a,m,b,e,b,f
a,c,b,a,c,d,b,a,d,a,b,a,b,b,e,d,e
a,c,b,d,c,d,NA,b,NA,NA,a,b,f,b,d,b,a
a,c,b,d,c,d,c,a,c,d,a,b,f,b,d,b,NA
a,c,b,a,g,d,b,b,NA,NA,a,a,k,b,b,d,a
a,c,b,a,c,c,a,a,d,a,b,a,f,b,e,d,f
a,c,b,a,c,d,NA,b,NA,NA,b,a,NA,b,e,a,f
a,c,b,e,d,c,c,a,d,d,b,a,t,b,c,c,c
a,c,b,c,g,d,NA,a,d,a,b,a,j,a,d,a,c
a,c,b,d,d,d,NA,b,NA,NA,b,a,j,a,d,c,f
a,c,b,d,i,d,NA,b,NA,NA,a,b,k,b,d,b,d
a,c,b,b,d,c,b,a,c,a,b,a,f,b,e,d,a
a,c,b,a,e,d,b,a,d,a,a,a,f,b,e,a,g
a,c,b,e,c,d,NA,a,d,d,b,a,f,b,e,d,a
a,c,b,a,c,d,NA,a,c,d,b,a,f,b,e,b,g
a,c,b,e,e,d,d,b,NA,NA,a,a,k,b,e,b,a
a,c,b,e,c,d,c,a,c,d,a,b,f,b,e,a,a
a,c,b,b,d,d,b,a,c,a,b,a,f,b,e,b,a
a,c,b,e,d,d,NA,b,NA,NA,a,a,f,b,e,d,d
a,c,b,a,h,d,NA,b,NA,NA,a,a,m,b,e,b,f
a,c,b,b,e,d,NA,a,d,a,b,a,n,b,e,d,d
a,c,b,e,c,d,NA,a,d,c,b,a,j,b,e,b,f
a,c,b,b,e,a,b,a,b,a,b,a,m,b,e,c,f
a,c,b,a,c,d,d,a,d,a,b,a,f,b,e,d,b
a,c,b,d,c,d,NA,a,d,d,a,a,f,a,d,b,b
a,c,b,a,e,d,c,a,d,a,a,a,m,a,e,b,f
a,c,b,b,c,d,NA,b,NA,NA,b,a,b,b,d,d,f
a,c,b,e,d,c,c,a,d,d,b,a,t,b,c,c,c
a,c,b,b,d,c,b,a,c,d,b,a,f,b,e,d,a
a,c,b,b,e,a,b,a,b,a,b,a,m,b,e,c,f
a,c,b,c,c,d,b,a,a,a,NA,b,k,a,e,b,f
a,c,b,e,f,d,c,b,NA,NA,a,a,j,a,d,a,c
a,c,b,d,f,d,b,b,NA,NA,a,b,j,a,d,c,f
a,c,b,c,f,b,b,a,a,a,b,a,g,a,d,c,d
a,c,b,a,e,d,b,b,NA,NA,b,a,f,b,d,d,f
a,c,b,a,a,c,a,a,a,a,b,a,f,a,e,b,f
a,c,b,d,e,d,NA,a,d,d,b,a,m,b,b,b,a
a,c,b,e,e,c,b,a,c,b,a,a,k,b,f,b,b
a,c,b,e,d,c,d,b,NA,NA,b,a,f,a,e,b,d
a,c,b,e,a,d,b,b,NA,NA,a,b,f,a,c,b,d
a,c,b,d,g,d,NA,b,NA,NA,b,a,f,a,e,b,a
a,c,b,d,d,d,c,b,NA,NA,b,a,f,b,d,b,d
a,d,a,d,c,d,NA,a,d,a,b,a,m,b,e,d,a
a,d,a,d,c,d,c,a,c,a,a,a,l,b,e,b,b
a,d,a,d,c,d,b,a,a,d,a,a,j,b,e,b,e
a,d,a,d,e,d,c,a,c,d,b,a,f,a,d,c,b
a,d,a,d,c,NA,NA,b,NA,NA,b,a,f,a,c,b,g
a,d,a,b,f,c,d,b,NA,NA,b,a,j,b,c,b,d
a,d,a,a,c,d,NA,b,NA,NA,a,a,f,b,f,d,b
a,d,a,e,c,d,NA,a,d,a,b,a,f,b,e,d,b
a,d,a,d,c,d,NA,a,d,a,b,a,f,a,e,b,d
a,d,a,b,d,c,b,a,d,a,a,a,f,a,c,d,e
a,d,a,a,d,d,NA,a,d,a,a,a,b,b,e,d,g
a,d,a,d,c,d,b,a,a,d,a,a,f,b,e,b,b
a,d,a,c,d,a,b,b,NA,NA,a,a,f,a,e,c,a
a,d,a,a,d,d,NA,b,NA,NA,a,a,NA,a,e,d,f
a,d,a,e,e,d,a,a,d,a,b,a,f,b,e,d,b
a,d,a,d,c,a,a,a,b,d,a,a,f,b,c,b,e
a,d,a,a,a,d,NA,a,b,d,a,a,t,a,d,d,f
a,d,a,e,e,d,a,a,d,a,b,a,f,b,e,d,b
a,d,a,d,c,a,a,a,b,d,a,a,f,b,c,b,e
a,d,a,d,c,a,a,a,b,d,a,a,f,b,c,b,e
a,d,a,e,e,d,NA,a,d,a,b,a,f,b,e,d,b
a,d,a,d,c,a,a,a,b,d,a,a,f,b,c,b,e
a,d,a,a,a,d,a,b,NA,NA,a,a,NA,b,d,c,g
a,d,a,a,d,d,NA,a,c,a,b,a,m,b,c,d,a
a,d,a,a,g,c,b,b,NA,NA,a,a,NA,a,e,a,e
a,d,a,d,c,d,NA,b,NA,NA,a,a,m,b,d,a,b
a,d,a,d,c,d,b,a,b,a,b,a,f,b,d,b,b
a,d,a,a,h,d,NA,b,NA,NA,b,a,NA,b,e,c,a
a,d,a,a,f,d,c,a,b,c,a,a,n,b,e,c,f
a,d,a,a,e,d,NA,a,d,a,a,a,f,b,e,c,f
a,d,a,a,e,d,NA,a,c,c,a,a,m,b,e,a,f
a,d,a,b,d,d,NA,b,NA,NA,b,a,f,b,d,b,f
a,d,a,a,d,d,NA,a,a,a,a,b,e,b,e,b,b
a,d,a,c,e,c,c,a,c,a,a,a,t,b,c,c,g
a,d,a,b,e,a,a,a,b,a,a,a,a,b,e,b,b
a,d,a,d,c,d,NA,b,NA,NA,b,a,f,a,e,b,f
a,d,a,a,e,d,NA,b,NA,NA,a,a,f,b,c,d,d
a,d,a,d,c,d,NA,a,c,a,b,a,t,a,d,b,b
a,d,a,e,c,a,a,a,a,a,b,a,t,b,e,b,a
a,d,a,d,c,d,NA,b,NA,NA,a,a,f,b,d,b,f
a,d,a,a,d,d,b,b,NA,a,a,a,f,b,c,a,e
a,d,a,a,d,d,NA,a,d,c,b,a,k,b,c,d,b
a,d,a,a,a,d,a,b,NA,NA,a,a,NA,b,d,c,g
a,d,a,b,c,d,b,b,NA,NA,a,a,f,b,e,b,f
a,d,a,e,g,d,a,b,NA,NA,b,a,f,b,d,b,b
a,d,a,d,e,c,c,a,b,b,a,a,k,a,d,b,f
a,d,a,b,d,d,b,a,d,a,b,a,f,b,e,d,e
a,d,a,e,e,d,c,a,c,c,a,a,b,b,e,d,f
a,d,a,d,c,b,a,a,b,b,b,a,j,a,e,c,c
a,d,a,d,c,d,a,a,b,b,a,a,k,a,d,b,c
a,d,a,d,c,b,b,a,c,a,b,a,m,a,c,b,a
a,d,a,d,c,d,NA,b,NA,NA,a,a,q,b,d,a,d
a,d,a,d,c,b,b,b,NA,b,a,a,j,NA,a,c,a
a,d,a,d,c,b,b,a,a,b,a,a,j,a,a,c,a
a,d,a,d,c,b,b,b,NA,b,a,a,j,NA,a,c,a
a,d,a,d,c,b,b,a,a,b,a,a,j,a,a,c,a
a,d,a,d,c,b,b,b,NA,b,a,a,j,NA,a,c,a
a,d,a,b,d,d,b,a,d,a,a,b,j,b,f,d,d
a,d,a,d,c,b,b,a,a,b,a,a,j,a,a,c,a
a,d,a,a,d,d,NA,a,d,d,b,a,f,b,d,d,a
a,d,b,a,e,d,NA,b,NA,NA,b,a,j,b,c,d,b
a,d,b,d,e,d,NA,b,NA,NA,b,a,j,b,e,b,b
a,d,b,d,f,c,a,b,NA,NA,b,a,f,b,b,d,d
a,d,b,d,c,d,b,b,NA,NA,b,a,NA,b,e,c,b
a,d,b,b,c,b,c,a,b,d,a,b,t,b,e,b,b
a,d,b,a,g,d,b,a,b,a,a,b,j,b,e,b,f
a,d,b,a,a,c,c,b,NA,NA,b,a,b,b,e,d,f
a,d,b,a,c,a,b,b,NA,NA,a,b,j,a,e,d,f
a,d,b,a,c,a,a,a,a,c,a,a,b,b,c,b,f
a,d,b,e,a,d,NA,b,NA,NA,a,a,f,b,c,b,a
a,d,b,d,e,d,a,a,a,c,b,a,j,a,e,d,e
a,d,b,e,d,c,c,a,b,a,a,b,f,a,d,d,b
a,d,b,e,d,d,NA,a,d,c,a,a,f,b,e,d,b
a,d,b,a,d,d,NA,a,a,a,b,a,f,b,e,d,b
a,d,b,a,c,d,NA,a,d,d,a,a,e,b,d,a,g
a,d,b,a,c,d,NA,a,d,d,a,a,e,b,d,a,g
a,d,b,a,c,d,NA,a,d,c,a,a,e,b,d,a,g
a,d,b,a,c,d,NA,a,d,d,a,a,e,b,d,a,g
a,d,b,d,f,d,NA,a,d,d,a,a,m,a,e,c,c
a,d,b,e,b,c,c,b,NA,NA,a,a,c,a,d,b,c
a,d,b,e,i,d,NA,a,c,a,b,a,c,b,e,a,e
a,d,b,b,e,c,c,b,NA,NA,b,a,NA,b,d,c,c
a,d,b,a,f,d,d,b,NA,NA,b,a,f,b,d,d,f
a,d,b,e,e,d,a,a,b,d,a,b,f,b,e,b,e
a,d,b,b,d,b,a,a,d,a,a,a,j,a,d,d,f
a,d,b,b,e,a,a,a,d,a,a,a,NA,b,d,d,b
a,d,b,b,e,d,NA,a,c,d,b,a,f,b,d,d,d
a,d,b,d,c,d,NA,b,NA,NA,b,a,f,b,d,d,f
a,d,b,a,f,d,a,b,NA,NA,b,a,NA,b,e,a,a
a,d,b,e,e,d,NA,a,c,d,b,a,f,a,e,d,f
a,d,b,b,c,d,d,a,c,a,a,a,d,b,d,b,f
a,d,b,c,h,d,b,a,a,a,a,a,f,b,e,b,f
a,d,b,b,c,d,d,b,NA,NA,a,b,k,a,e,c,d
a,d,b,c,g,c,a,a,c,c,b,a,m,b,e,a,e
a,d,b,d,a,b,d,b,NA,NA,a,b,f,a,e,d,f
a,d,b,d,h,b,c,a,a,c,b,a,k,b,c,d,d
a,d,b,e,h,d,c,a,a,a,a,b,f,b,e,d,a
a,d,b,e,g,d,b,a,d,a,b,a,NA,b,e,b,g
a,d,b,c,f,d,d,a,c,b,a,b,f,a,f,b,a
a,d,b,b,e,d,d,a,d,d,a,b,j,b,d,c,b
a,d,b,c,f,d,d,a,c,b,a,b,f,a,f,b,a
a,d,b,b,e,d,d,a,d,d,a,b,j,b,d,c,b
a,d,b,c,f,d,d,b,c,b,a,b,f,a,f,b,a
a,d,NA,e,e,d,NA,a,b,c,a,a,j,b,e,d,b
a,e,a,a,c,d,NA,b,NA,NA,a,b,k,b,d,b,b
a,e,a,b,e,d,d,b,NA,NA,a,a,NA,b,e,d,b
a,e,a,e,c,b,b,a,a,d,a,b,k,a,b,b,d
a,e,a,d,c,d,b,b,NA,NA,a,a,NA,a,e,c,g
a,e,a,d,g,c,b,b,NA,NA,b,a,f,a,e,c,c
a,e,a,d,d,d,NA,b,NA,NA,a,a,f,a,e,c,f
a,e,a,a,a,d,NA,b,NA,NA,a,a,j,a,e,a,a
a,e,a,a,e,d,NA,b,NA,NA,b,b,m,b,d,a,g
a,e,b,d,d,d,NA,a,a,c,b,b,b,a,e,d,f
a,e,b,b,b,a,b,a,a,d,b,b,d,b,e,c,e
a,e,b,a,e,d,NA,b,NA,NA,a,a,j,b,c,b,a
a,e,b,b,e,d,NA,a,b,a,b,a,b,b,c,a,f
a,e,b,e,c,d,b,a,NA,NA,b,a,f,b,f,d,f
a,a,a,a,f,d,NA,a,d,a,a,b,k,a,e,b,b
b,a,a,d,c,d,b,b,NA,NA,b,b,f,b,e,b,f
b,a,a,d,g,d,NA,a,b,a,b,a,t,b,e,b,g
b,a,a,d,g,d,NA,b,NA,NA,a,a,j,a,c,b,b
b,a,a,e,g,d,c,a,b,a,a,a,f,b,f,c,e
b,a,a,a,d,d,a,a,d,a,b,a,f,a,f,b,b
b,a,a,d,b,c,b,a,d,a,b,a,NA,a,d,c,d
b,a,a,e,h,d,b,b,NA,NA,b,a,f,b,f,c,d
b,a,a,e,g,c,b,a,d,b,a,a,f,b,e,a,c
b,a,a,e,g,c,b,b,NA,NA,a,a,NA,b,e,c,a
b,a,a,b,c,d,NA,a,d,c,b,a,j,a,d,c,a
b,a,a,e,e,d,b,b,NA,NA,b,a,q,a,d,c,e
b,a,a,e,g,d,NA,a,a,d,b,a,t,b,e,c,e
b,a,a,d,e,d,d,b,NA,NA,b,a,j,a,d,b,d
b,a,a,a,e,d,NA,a,d,a,a,a,f,a,e,d,b
b,a,a,b,a,d,NA,a,d,d,a,a,f,b,e,c,g
b,a,a,e,e,d,a,a,d,d,a,a,k,b,e,c,f
b,a,a,d,f,d,NA,a,d,d,b,a,f,a,d,c,f
b,a,a,a,f,c,b,b,NA,NA,b,a,f,b,e,d,a
b,a,a,a,g,d,a,b,NA,NA,a,a,NA,b,e,c,f
b,a,a,d,g,d,b,b,NA,NA,b,a,f,b,e,b,b
b,a,a,e,c,c,b,a,d,a,b,a,f,b,e,b,e
b,a,a,a,d,d,a,b,NA,NA,a,a,j,b,b,d,d
b,a,a,c,g,c,b,b,NA,NA,a,a,f,b,c,d,f
b,a,a,a,f,d,b,a,c,c,b,a,j,a,d,b,f
b,a,a,a,b,d,a,b,NA,NA,b,a,j,a,e,b,e
b,a,a,e,i,NA,NA,b,NA,NA,a,a,f,b,e,c,a
b,a,a,d,d,NA,NA,b,NA,NA,b,a,f,a,e,b,e
b,a,a,a,i,c,b,a,b,a,a,a,NA,b,c,d,d
b,a,a,a,i,d,c,b,NA,NA,a,a,c,b,d,c,f
b,a,a,d,h,d,d,a,d,c,a,a,b,a,d,b,e
b,a,a,a,d,c,c,a,d,a,a,b,e,b,c,b,a
b,a,a,a,i,d,b,a,a,a,b,a,t,a,e,b,a
b,a,a,b,e,d,NA,a,d,a,a,a,f,b,e,b,b
b,a,a,a,i,d,d,a,a,a,b,a,d,b,c,c,a
b,a,a,NA,i,d,b,a,a,a,b,a,NA,a,e,c,a
b,a,a,d,h,d,NA,a,c,a,a,a,NA,a,e,b,f
b,a,a,a,c,d,NA,b,NA,NA,a,b,f,b,b,b,d
b,a,a,d,b,d,b,b,NA,NA,a,b,f,b,e,b,f
b,a,a,b,h,c,b,a,b,a,b,a,NA,b,d,c,g
b,a,a,e,f,c,b,b,NA,NA,a,a,f,a,c,b,b
b,a,a,d,g,d,NA,a,c,a,a,a,NA,b,e,b,g
b,a,a,d,g,d,NA,a,c,a,a,a,NA,b,e,b,g
b,a,a,e,g,d,NA,b,NA,NA,b,a,j,b,c,b,f
b,a,a,a,d,d,NA,b,NA,NA,a,a,j,b,c,d,f
b,a,a,e,f,c,b,b,NA,NA,a,a,j,a,c,b,b
b,a,a,e,g,c,a,a,d,a,b,a,NA,b,e,c,f
b,a,a,e,f,c,b,b,NA,NA,a,a,f,a,c,b,b
b,a,a,e,a,d,NA,b,NA,NA,b,a,NA,b,c,c,a
b,a,a,b,d,d,NA,a,b,d,a,a,d,b,d,d,e
b,a,a,e,g,d,NA,b,NA,NA,b,a,j,b,c,b,f
b,a,a,e,b,d,NA,b,NA,NA,b,a,n,b,c,c,a
b,a,a,d,i,d,NA,b,NA,NA,a,a,NA,a,d,b,g
b,a,a,b,d,d,NA,a,d,a,a,b,f,a,e,b,d
b,a,a,d,i,d,NA,b,NA,NA,a,b,c,a,d,c,e
b,a,a,d,f,c,b,b,NA,NA,b,a,f,b,e,d,a
b,a,a,d,g,d,d,b,NA,NA,b,a,j,b,e,b,d
b,a,a,c,e,d,d,a,d,b,b,a,f,a,e,c,a
b,a,a,d,g,d,NA,b,NA,NA,a,b,j,a,d,c,f
b,a,a,e,g,d,NA,b,NA,NA,a,b,NA,b,e,c,d
b,a,a,e,g,d,NA,a,c,b,b,b,j,b,d,b,b
b,a,a,c,e,b,b,a,d,a,a,b,j,b,e,c,b
b,a,a,a,e,d,NA,b,NA,NA,a,a,f,b,e,c,c
b,a,a,e,g,d,NA,b,NA,NA,a,b,NA,b,e,a,c
b,a,a,a,i,d,NA,b,NA,NA,a,a,NA,b,d,c,g
b,a,a,d,e,d,NA,b,NA,NA,b,a,j,a,d,b,d
b,a,a,a,e,d,NA,a,d,a,b,a,j,a,e,c,b
b,a,a,b,a,a,b,b,NA,d,a,b,f,b,e,b,a
b,a,a,d,g,d,b,a,a,a,a,a,f,b,e,b,a
b,a,a,d,e,d,NA,b,NA,NA,a,a,f,b,c,d,f
b,a,a,e,a,d,NA,a,d,a,a,a,f,b,e,b,e
b,a,a,d,g,d,d,b,NA,NA,a,a,j,b,e,b,d
b,a,a,a,d,d,b,b,NA,NA,a,a,j,b,c,d,f
b,a,a,a,e,d,NA,b,NA,NA,a,b,f,a,c,b,e
b,a,a,a,f,d,NA,a,b,c,a,a,NA,a,e,c,b
b,a,a,e,e,d,NA,a,d,d,a,a,k,b,f,c,f
b,a,a,a,f,d,a,a,c,c,b,a,NA,a,e,a,b
b,a,a,c,b,b,b,b,NA,NA,b,a,f,b,c,d,c
b,a,a,b,d,d,NA,a,b,d,a,a,d,b,d,b,e
b,a,a,e,g,d,NA,b,NA,NA,b,a,j,b,c,b,f
b,a,a,e,b,d,NA,b,NA,NA,b,a,n,b,c,c,a
b,a,a,b,g,d,c,b,NA,NA,a,b,NA,b,e,b,g
b,a,a,d,g,d,d,b,NA,NA,b,a,m,b,e,b,g
b,a,a,a,f,b,c,b,NA,NA,b,a,g,a,d,c,b
b,a,a,a,d,a,a,a,d,a,a,a,f,b,c,c,b
b,a,a,a,g,a,a,a,b,d,b,a,j,b,c,b,a
b,a,a,d,e,d,d,b,NA,NA,a,b,f,b,e,b,b
b,a,a,a,d,d,NA,a,d,a,a,a,f,b,c,c,b
b,a,a,a,d,d,a,a,d,a,a,a,f,b,c,c,b
b,a,a,b,h,d,NA,a,d,d,b,b,k,b,c,b,b
b,a,a,d,i,d,d,a,a,a,b,a,f,a,b,b,b
b,a,a,a,a,c,b,b,NA,NA,a,a,f,a,e,a,c
b,a,a,a,d,d,NA,b,NA,NA,a,b,k,b,d,b,b
b,a,a,a,d,b,a,b,NA,NA,a,b,m,b,d,a,c
b,a,a,a,a,d,a,a,d,a,a,a,f,a,e,c,a
b,a,a,b,a,a,a,b,NA,NA,a,a,f,b,e,b,d
b,a,a,b,a,a,b,a,a,a,a,a,d,b,d,a,c
b,a,a,e,a,c,a,a,d,a,a,b,d,b,e,a,b
b,a,a,e,a,c,a,a,b,d,a,b,f,b,c,d,c
b,a,a,e,i,d,a,b,NA,NA,a,a,f,b,d,c,a
b,a,a,d,f,d,b,a,c,a,a,b,f,b,e,b,f
b,a,a,e,i,d,b,b,NA,NA,b,a,NA,b,d,d,b
b,a,a,a,c,d,c,a,c,a,a,b,f,a,e,b,a
b,a,a,b,a,d,b,b,c,a,a,a,h,b,a,b,c
b,a,a,a,f,a,c,a,a,d,b,a,e,a,c,d,d
b,a,a,b,a,d,b,b,c,a,a,a,h,b,a,b,c
b,a,a,a,f,a,c,a,a,d,b,a,e,a,c,d,d
b,a,a,a,c,d,c,a,c,a,a,b,f,a,e,b,a
b,a,a,b,a,d,b,b,c,a,a,a,h,b,a,b,c
b,a,a,a,f,a,c,a,a,d,b,a,e,a,c,d,d
b,a,b,c,i,d,NA,b,NA,NA,a,b,f,b,f,c,a
b,a,b,e,f,d,NA,b,NA,NA,a,a,NA,b,d,c,a
b,a,b,e,f,d,NA,a,c,a,a,b,f,b,e,b,b
b,a,b,e,f,d,b,a,d,a,b,a,f,b,e,b,f
b,a,b,d,f,d,b,b,NA,NA,b,a,NA,b,e,c,a
b,a,b,d,g,d,NA,a,a,d,b,a,NA,a,d,a,c
b,a,b,e,i,d,d,b,NA,NA,a,a,NA,b,e,d,g
b,a,b,e,d,d,NA,a,c,d,b,a,NA,b,e,d,e
b,a,b,a,e,d,NA,a,c,d,a,b,k,a,d,d,f
b,a,b,a,g,d,NA,b,NA,NA,a,b,c,b,e,d,f
b,a,b,d,f,d,b,b,NA,NA,b,a,f,b,e,b,a
b,a,b,d,g,d,NA,b,NA,NA,b,a,t,b,e,b,g
b,a,b,b,f,d,a,b,NA,NA,a,a,NA,b,e,c,d
b,a,b,e,b,b,b,b,NA,NA,b,a,f,a,e,b,b
b,a,b,e,i,d,b,a,d,d,a,a,f,a,e,d,f
b,a,b,e,a,d,NA,a,c,a,b,a,NA,b,e,b,d
b,a,b,e,d,d,d,b,NA,NA,b,a,f,a,e,c,f
b,a,b,b,a,NA,NA,b,NA,NA,a,b,f,b,b,c,e
b,a,b,a,a,d,c,a,c,d,a,a,t,a,c,c,e
b,a,b,e,g,NA,NA,b,NA,NA,a,a,NA,b,f,d,b
b,a,b,d,a,d,NA,b,NA,NA,a,b,c,b,e,c,f
b,a,b,e,d,c,c,a,c,c,b,a,j,a,e,d,a
b,a,b,b,h,a,b,b,NA,NA,a,a,NA,b,e,d,a
b,a,b,b,h,c,b,a,a,a,b,a,NA,b,d,c,g
b,a,b,e,g,d,NA,a,d,a,a,a,j,b,c,d,e
b,a,b,c,i,b,c,a,d,a,a,a,t,b,e,c,b
b,a,b,e,b,d,NA,a,c,a,a,b,t,b,e,c,b
b,a,b,a,i,d,NA,b,d,d,a,a,f,b,c,c,a
b,a,b,e,b,d,NA,a,d,a,a,a,f,b,c,b,g
b,a,b,a,d,d,NA,a,d,d,b,a,j,b,c,c,f
b,a,b,b,d,d,NA,a,a,d,a,a,a,b,e,c,a
b,a,b,a,e,d,NA,b,NA,NA,a,a,f,b,c,c,f
b,a,b,a,d,d,NA,b,NA,NA,a,a,b,b,c,d,e
b,a,b,a,a,d,a,a,a,d,b,a,d,b,c,d,e
b,a,b,a,a,d,a,a,a,d,b,a,d,b,c,d,e
b,a,b,b,d,d,NA,a,a,d,a,a,a,b,e,c,f
b,a,b,a,d,d,NA,a,d,d,a,a,j,b,c,c,f
b,a,b,a,d,d,NA,b,NA,NA,a,a,b,b,c,d,e
b,a,b,a,e,d,NA,b,NA,NA,a,a,f,b,c,c,f
b,a,b,b,d,d,NA,a,a,d,a,a,a,b,d,c,f
b,a,b,b,c,d,d,b,NA,NA,a,a,e,a,d,c,d
b,a,b,a,g,d,NA,a,d,a,b,a,e,b,e,b,a
b,a,b,a,d,d,NA,a,d,d,a,a,j,b,c,c,f
b,a,b,b,d,d,NA,a,a,d,b,a,n,b,e,c,f
b,a,b,a,c,b,b,b,NA,NA,a,a,NA,b,d,c,a
b,a,b,d,d,c,c,b,NA,NA,a,a,j,b,e,a,f
b,a,b,d,c,c,c,b,NA,NA,a,a,c,b,d,b,f
b,a,b,d,h,d,NA,b,NA,NA,a,a,c,b,d,b,e
b,a,b,d,e,d,NA,a,d,b,a,b,a,a,e,a,a
b,a,b,e,b,d,NA,a,b,a,a,a,f,a,e,c,b
b,a,b,d,g,d,NA,b,NA,NA,b,a,t,b,e,b,g
b,a,b,e,g,d,NA,b,NA,NA,a,a,NA,b,d,c,a
b,a,b,a,e,a,b,b,NA,NA,b,a,m,b,c,b,b
b,a,b,e,e,d,NA,b,NA,NA,b,a,f,b,e,c,d
b,a,b,d,c,d,d,a,c,a,b,a,k,a,e,b,b
b,a,b,NA,g,d,b,b,NA,NA,NA,a,NA,b,e,b,b
b,a,b,e,g,c,b,b,NA,NA,b,a,NA,b,e,b,e
b,a,b,a,g,d,b,b,NA,NA,b,a,f,b,e,d,a
b,a,b,a,g,d,NA,b,NA,NA,b,a,f,b,e,c,d
b,a,b,d,g,d,b,b,NA,NA,b,a,m,b,e,a,a
b,a,b,b,d,d,c,b,NA,NA,b,a,j,a,e,c,b
b,a,b,b,g,b,d,a,d,b,a,a,c,a,a,c,e
b,a,b,a,e,d,NA,b,NA,NA,a,NA,NA,b,e,b,a
b,a,b,c,a,d,NA,b,NA,NA,a,a,f,a,e,c,d
b,a,b,e,d,d,b,a,c,a,b,a,f,b,c,d,b
b,a,b,c,a,a,c,a,c,c,a,a,f,b,e,d,c
b,a,b,e,e,d,c,a,d,c,b,a,f,a,c,d,e
b,a,b,e,c,d,NA,b,NA,NA,b,a,t,b,e,b,f
b,a,b,d,d,d,a,a,b,d,a,a,c,b,e,c,f
b,a,b,c,e,d,c,a,d,d,b,b,NA,b,c,c,f
b,a,b,a,d,d,NA,a,d,d,a,NA,j,b,c,c,f
b,a,b,b,d,d,NA,a,a,d,b,a,n,b,e,c,f
b,a,b,d,g,d,NA,b,NA,NA,b,a,t,b,e,b,g
b,a,b,d,a,a,b,b,NA,NA,a,a,f,a,d,b,f
b,a,b,e,h,d,d,b,NA,NA,b,b,f,b,d,b,c
b,a,b,b,b,NA,c,a,a,b,NA,b,f,a,NA,NA,NA
b,a,b,a,i,d,b,a,d,c,b,b,f,a,b,b,d
b,a,b,e,c,d,NA,b,NA,NA,a,b,f,a,d,b,c
b,a,b,a,e,d,NA,b,NA,NA,b,a,f,a,c,c,e
b,a,b,a,d,NA,b,b,NA,NA,a,a,k,b,c,a,NA
b,a,b,a,d,d,c,b,NA,NA,a,a,b,a,e,c,d
b,a,b,a,d,d,NA,b,NA,NA,a,b,k,b,c,b,a
b,a,b,a,b,c,a,b,NA,NA,b,a,f,b,c,a,a
b,a,b,a,a,d,NA,a,b,a,a,a,f,b,e,a,b
b,a,b,a,h,d,c,a,d,d,b,a,b,b,c,d,d
b,a,b,a,i,d,a,b,NA,NA,a,a,f,b,c,d,f
b,a,b,a,h,d,c,a,d,a,b,a,b,b,e,d,b
b,a,b,a,a,d,NA,a,b,a,a,b,f,a,e,b,a
b,a,b,a,i,b,a,a,d,a,b,a,f,a,c,a,f
b,a,b,b,d,d,NA,a,d,d,b,a,f,a,e,d,c
b,a,b,c,d,d,a,a,d,a,a,b,f,a,c,a,a
b,a,b,d,d,c,c,b,NA,NA,a,b,f,a,e,d,b
b,a,b,d,c,d,a,a,a,a,a,a,f,b,e,d,a
b,a,b,d,e,c,b,b,NA,NA,b,a,k,b,f,d,d
b,a,b,d,d,d,b,b,NA,NA,a,b,f,b,d,b,b
b,a,b,e,f,d,b,b,NA,NA,a,b,c,b,c,b,a
b,a,b,e,i,d,NA,a,a,a,a,a,f,b,e,b,a
b,a,b,e,b,d,NA,a,c,c,b,a,m,b,c,d,e
b,a,b,e,d,c,a,b,NA,NA,a,a,f,a,d,c,c
b,a,b,e,i,d,c,a,b,d,b,a,b,a,e,d,a
b,a,b,e,a,c,b,a,d,c,a,b,f,b,e,b,a
b,a,b,e,d,c,b,a,d,c,b,b,k,a,d,c,a
b,a,b,e,h,d,a,b,NA,NA,a,b,f,b,c,d,d
b,a,b,e,a,d,b,b,NA,NA,a,a,k,b,e,b,d
b,a,b,e,g,d,b,b,NA,NA,b,a,f,b,f,d,b
b,a,b,d,g,d,a,b,NA,NA,b,a,f,b,d,b,c
b,a,b,e,e,d,c,b,NA,NA,a,a,f,a,f,c,d
b,a,b,a,i,d,a,b,NA,NA,a,b,f,b,c,c,b
b,a,b,a,e,d,a,b,NA,NA,a,b,t,a,e,c,b
b,a,b,e,b,d,b,b,NA,NA,a,a,f,a,e,c,f
b,a,b,d,c,d,b,a,d,b,a,b,f,b,e,b,f
b,a,b,e,g,d,d,b,NA,NA,a,a,NA,b,e,b,d
b,a,b,e,d,c,b,b,NA,NA,a,a,NA,b,e,c,f
b,a,b,b,g,d,c,b,NA,NA,b,a,NA,b,d,c,g
b,a,b,e,i,d,NA,b,NA,NA,a,b,NA,a,e,d,f
b,a,b,d,i,d,b,b,NA,NA,a,a,f,a,e,c,b
b,a,b,e,a,d,b,a,c,a,a,b,f,b,e,d,b
b,a,b,e,b,b,d,b,NA,NA,b,b,l,b,f,d,f
b,a,b,a,a,d,a,a,b,a,a,a,f,b,b,a,c
b,a,b,d,i,d,b,a,d,c,a,a,f,a,e,c,b
b,a,b,e,a,d,b,a,c,a,a,b,f,b,e,d,b
b,a,b,e,i,d,NA,b,NA,a,a,b,NA,a,e,d,f
b,a,b,d,i,d,b,b,NA,NA,a,a,g,a,e,c,b
b,a,b,e,a,d,b,a,c,a,a,b,f,b,e,d,b
b,a,b,e,a,d,b,a,c,a,a,b,f,b,e,d,b
b,a,b,e,a,d,b,a,c,a,a,b,f,b,e,d,b
b,a,b,e,b,b,d,b,NA,NA,b,b,l,b,f,d,f
b,a,b,a,a,d,a,a,b,a,a,a,f,b,b,a,c
b,a,b,d,i,d,b,a,d,c,a,a,f,a,e,c,b
b,a,b,e,a,d,b,a,c,a,a,b,f,b,e,d,b
b,a,b,e,i,d,NA,a,b,b,a,b,NA,a,e,d,f
b,a,b,e,a,d,b,a,c,a,a,b,f,b,e,d,b
b,a,b,e,a,d,b,a,c,a,a,b,f,b,e,d,b
b,a,b,e,a,d,b,a,c,a,a,b,f,b,e,d,b
b,a,b,d,g,d,a,b,NA,NA,b,a,t,b,d,b,c
b,a,b,e,e,d,c,a,c,d,a,a,f,a,f,c,d
b,a,b,a,i,d,a,b,NA,NA,a,b,f,b,c,c,b
b,a,b,a,e,d,a,b,NA,NA,a,b,g,a,e,c,b
b,a,b,e,b,d,b,a,c,a,a,a,f,a,e,c,f
b,a,b,d,i,d,b,a,d,c,a,a,f,a,e,c,b
b,a,NA,e,i,d,b,b,NA,NA,a,a,f,b,c,d,f
b,a,NA,NA,d,d,NA,b,NA,NA,b,a,j,b,c,b,f
b,b,a,d,a,a,b,b,NA,NA,a,a,j,b,e,b,c
b,b,a,d,d,c,b,b,NA,NA,a,a,f,NA,b,c,f
b,b,a,b,a,d,NA,a,d,a,b,NA,NA,b,e,d,f
b,b,a,c,h,d,b,b,d,NA,a,a,f,b,d,c,g
b,b,a,d,e,d,b,a,b,a,b,a,f,b,d,b,f
b,b,a,e,c,a,a,a,d,a,b,a,j,b,c,c,e
b,b,a,a,g,d,NA,a,c,d,a,b,j,b,e,c,d
b,b,a,e,a,NA,NA,a,b,d,b,a,f,b,d,c,b
b,b,a,a,e,d,NA,a,d,d,a,a,m,b,e,d,a
b,b,a,d,e,c,a,b,NA,NA,b,a,t,b,d,c,a
b,b,a,d,c,a,b,b,NA,NA,b,a,f,a,e,b,b
b,b,a,a,e,c,b,a,a,a,b,a,t,NA,e,b,a
b,b,a,a,a,d,NA,a,c,c,b,b,f,b,c,d,f
b,b,a,e,e,d,c,b,NA,NA,b,a,k,b,b,d,a
b,b,a,e,b,d,c,b,NA,NA,a,a,k,a,e,c,f
b,b,a,a,h,d,b,a,a,d,a,b,f,b,e,b,g
b,b,a,a,c,d,c,a,c,c,a,a,j,b,e,d,d
b,b,a,a,d,d,b,b,NA,NA,a,a,f,a,c,c,f
b,b,a,a,h,d,c,b,NA,NA,a,b,m,b,c,d,d
b,b,a,d,e,d,c,a,c,d,a,a,d,b,c,d,b
b,b,a,e,f,d,NA,a,d,a,b,a,f,b,c,c,b
b,b,a,d,e,d,c,a,c,d,a,a,d,b,c,d,b
b,b,a,a,h,d,c,b,NA,NA,a,a,m,b,c,d,d
b,b,a,e,f,d,NA,a,d,a,b,a,f,b,c,c,b
b,b,a,a,e,d,NA,b,NA,NA,b,a,e,b,c,b,d
b,b,a,e,f,d,NA,a,d,a,b,a,f,b,c,c,b
b,b,a,d,e,d,c,a,c,d,a,a,d,b,c,d,b
b,b,a,e,f,d,NA,a,d,a,b,a,f,b,c,c,b
b,b,a,d,e,d,c,a,c,d,a,a,d,b,c,d,b
b,b,a,e,g,d,NA,a,d,a,b,a,m,b,c,b,f
b,b,a,e,e,d,b,b,NA,NA,a,b,NA,b,c,d,a
b,b,a,a,h,d,c,b,NA,NA,a,b,m,b,c,d,d
b,b,a,a,a,d,NA,b,NA,NA,b,a,j,b,c,c,e
b,b,a,a,b,d,a,a,d,d,b,a,c,b,f,a,e
b,b,a,a,d,d,NA,b,NA,NA,a,a,f,b,c,c,b
b,b,a,a,f,c,b,b,NA,NA,a,b,j,a,d,c,c
b,b,a,d,h,d,c,b,NA,NA,a,a,NA,b,e,b,e
b,b,a,e,a,d,NA,b,NA,NA,a,a,NA,a,e,d,a
b,b,a,d,e,d,NA,b,NA,NA,a,a,m,a,e,c,f
b,b,a,d,c,d,NA,b,NA,NA,b,a,f,b,c,b,b
b,b,a,e,f,a,d,a,c,b,a,a,e,b,e,b,e
b,b,a,d,e,d,c,a,c,d,a,a,d,b,c,d,b
b,b,a,e,g,d,NA,a,d,a,b,a,m,NA,c,b,f
b,b,a,e,e,d,b,b,NA,NA,a,b,NA,b,c,d,a
b,b,a,a,h,d,c,b,NA,NA,a,b,m,b,c,d,d
b,b,a,a,a,d,NA,b,NA,NA,b,a,j,b,c,c,e
b,b,a,b,b,d,NA,b,NA,NA,b,a,j,b,d,d,e
b,b,a,a,g,d,a,a,c,c,a,b,k,b,d,d,e
b,b,a,b,h,d,b,b,NA,NA,a,a,k,a,e,b,c
b,b,a,c,b,b,b,b,NA,NA,a,a,k,a,d,c,d
b,b,a,d,a,b,a,a,c,d,a,a,k,a,d,b,e
b,b,a,d,d,d,b,b,NA,NA,a,a,f,b,NA,c,d
b,b,a,a,h,b,a,b,NA,NA,b,b,j,b,d,b,d
b,b,a,c,f,a,a,b,NA,NA,b,a,f,a,e,b,b
b,b,a,c,e,d,c,c,a,a,a,a,b,a,d,c,c
b,b,a,a,g,c,c,a,b,a,a,a,j,b,d,c,b
b,b,a,a,b,c,c,a,a,d,a,b,b,b,d,b,a
b,b,a,a,d,d,NA,a,d,a,b,a,f,a,e,b,b
b,b,a,b,c,b,a,a,c,a,a,b,f,b,e,b,a
b,b,a,e,c,d,b,a,a,d,b,a,f,b,e,b,a
b,b,a,b,c,d,b,b,NA,NA,a,a,f,b,e,d,b
b,b,a,b,h,c,NA,a,c,b,NA,a,i,a,a,d,e
b,b,a,e,d,c,c,a,a,b,b,b,k,b,f,d,f
b,b,a,b,c,d,b,b,NA,NA,a,a,f,b,e,d,b
b,b,a,b,h,c,NA,a,c,b,NA,a,i,a,a,d,e
b,b,a,e,d,c,c,a,a,b,b,b,k,b,f,d,f
b,b,a,b,c,d,b,a,a,c,a,a,f,b,e,d,b
b,b,a,b,h,c,NA,a,c,b,NA,a,i,a,a,d,e
b,b,a,e,d,c,c,a,a,b,b,b,k,b,f,d,f
b,b,b,e,g,d,d,b,NA,NA,b,a,m,b,e,c,e
b,b,b,c,e,d,c,b,NA,NA,a,b,f,b,e,c,d
b,b,b,c,a,c,a,a,b,NA,a,b,b,a,d,c,b
b,b,b,a,a,d,c,a,c,c,a,b,f,b,c,d,f
b,b,b,d,f,c,b,a,b,a,a,a,j,b,e,b,f
b,b,b,d,f,b,b,a,c,a,a,a,j,b,e,d,f
b,b,b,d,e,d,NA,a,d,a,a,a,m,b,e,d,b
b,b,b,a,f,d,NA,a,d,a,b,a,f,b,d,d,b
b,b,b,e,g,d,b,b,NA,NA,b,a,k,b,b,b,b
b,b,b,a,a,d,b,b,NA,NA,a,b,f,b,c,c,f
b,b,b,e,a,b,a,a,a,a,a,b,f,b,b,a,g
b,b,b,e,a,d,c,a,c,a,a,b,NA,b,e,d,a
b,b,b,e,e,c,b,b,NA,NA,b,a,f,b,e,a,f
b,b,b,a,d,d,c,a,d,d,a,a,m,b,e,b,a
b,b,b,e,g,d,NA,a,d,a,b,a,f,b,e,a,e
b,b,b,a,d,d,c,a,d,d,a,a,m,b,e,b,a
b,b,b,e,e,c,b,b,NA,NA,b,a,f,b,e,a,f
b,b,b,a,i,d,NA,a,d,c,a,b,j,a,f,a,b
b,b,b,d,f,d,NA,b,NA,NA,a,a,m,b,e,a,c
b,b,b,a,d,d,NA,a,c,d,a,a,j,b,b,b,e
b,b,b,b,d,d,b,b,NA,NA,b,a,f,b,e,d,e
b,b,b,b,d,d,NA,b,NA,NA,b,a,f,b,e,c,b
b,b,b,e,d,d,c,b,d,d,a,a,b,a,d,c,f
b,b,b,e,g,d,NA,b,NA,NA,a,b,j,a,c,d,b
b,b,b,a,g,d,NA,b,NA,NA,b,a,n,a,d,c,f
b,b,b,e,f,d,c,a,d,a,a,a,q,b,d,c,e
b,b,b,e,f,d,NA,b,NA,NA,b,a,b,b,e,d,b
b,b,b,d,e,d,NA,a,a,d,a,b,j,b,e,a,d
b,b,b,b,e,d,a,a,d,c,b,a,f,a,e,b,f
b,b,b,d,b,d,b,b,NA,NA,a,a,k,b,b,b,c
b,b,b,c,d,d,c,b,NA,NA,a,a,f,a,c,b,f
b,b,b,c,i,d,d,b,NA,NA,a,a,i,NA,d,b,c
b,b,b,b,d,d,b,a,d,b,a,a,b,a,f,b,b
b,b,b,c,e,b,b,b,NA,NA,a,a,k,a,d,b,c
b,b,b,e,e,d,b,b,NA,NA,b,b,f,b,c,d,g
b,b,b,b,d,b,b,b,NA,NA,b,a,f,a,c,a,b
b,b,b,d,d,d,b,a,d,a,b,a,f,b,d,a,b
b,b,b,a,a,d,a,a,d,b,a,b,t,b,e,c,d
b,b,b,b,d,d,NA,a,d,c,a,a,b,a,f,b,b
b,b,b,b,d,d,NA,a,d,a,a,a,b,a,f,b,b
b,b,b,a,d,a,b,a,c,c,a,a,f,a,c,d,d
b,b,b,a,a,d,a,a,d,c,a,a,f,a,c,c,c
b,b,b,a,a,d,c,a,b,a,a,b,b,a,e,b,b
b,b,b,b,a,c,c,a,c,a,b,b,k,b,d,b,a
b,b,b,d,b,c,c,b,NA,NA,b,a,f,b,e,b,c
b,b,b,e,d,d,b,b,NA,NA,b,a,f,a,c,b,a
b,b,b,e,a,d,NA,a,a,d,a,b,d,b,e,d,e
b,b,b,e,d,d,c,a,d,a,b,a,b,a,e,a,c
b,b,b,e,i,d,a,b,NA,NA,a,b,f,b,d,b,b
b,b,b,c,d,c,c,a,b,b,a,a,k,a,c,c,d
b,b,b,c,d,c,c,a,b,b,a,a,k,a,c,c,d
b,b,b,c,d,c,c,a,b,b,a,a,k,a,c,c,d
b,b,b,c,d,c,c,a,b,b,a,a,k,a,c,c,d
b,b,b,c,d,c,c,a,b,b,a,a,k,a,c,c,d
b,b,b,c,d,c,c,a,b,b,a,a,k,a,c,c,d
b,b,NA,b,a,d,NA,a,d,d,a,a,f,b,a,d,e
b,b,NA,a,e,d,NA,b,NA,NA,a,b,m,b,d,d,c
b,c,a,e,g,d,a,b,NA,NA,b,a,j,b,c,a,c
b,c,a,e,g,d,NA,a,d,d,a,b,j,b,e,d,f
b,c,a,e,e,d,c,a,d,a,b,a,k,b,e,c,f
b,c,a,a,d,d,d,b,NA,NA,b,a,c,a,e,d,b
b,c,a,a,d,d,d,b,NA,NA,b,a,f,b,b,c,b
b,c,a,d,g,b,c,a,c,b,a,a,j,b,b,a,e
b,c,a,d,g,c,d,a,c,a,b,a,b,b,c,b,g
b,c,a,a,a,d,NA,b,NA,NA,a,a,f,b,c,c,d
b,c,a,a,a,d,b,a,d,c,b,a,f,a,e,c,b
b,c,a,a,h,d,d,a,c,a,a,b,f,b,c,b,g
b,c,a,a,a,d,b,b,NA,NA,b,a,j,b,c,b,e
b,c,a,d,g,d,NA,b,NA,NA,a,b,j,b,c,b,b
b,c,a,b,h,d,NA,b,NA,NA,a,a,f,b,c,c,a
b,c,a,a,a,d,NA,a,b,d,a,a,t,a,d,d,f
b,c,a,a,c,d,d,a,b,d,a,a,m,a,c,b,a
b,c,a,d,c,d,d,a,b,d,a,a,m,a,c,b,a
b,c,a,a,a,d,NA,a,b,d,a,a,t,a,d,d,f
b,c,a,d,g,d,NA,b,NA,NA,a,b,j,b,c,b,b
b,c,a,b,h,d,NA,b,NA,NA,a,a,f,b,c,c,a
b,c,a,b,h,d,NA,b,NA,NA,a,a,f,b,c,c,a
b,c,a,d,h,d,NA,a,c,d,a,a,NA,b,c,a,g
b,c,a,a,c,d,d,a,b,d,a,a,m,a,c,b,a
b,c,a,b,f,d,NA,b,NA,NA,b,a,NA,b,d,c,f
b,c,a,a,c,d,NA,a,d,d,a,a,c,a,b,d,b
b,c,a,d,d,d,NA,a,c,d,b,a,f,b,c,b,b
b,c,a,d,c,d,NA,a,c,d,a,a,f,b,e,b,b
b,c,a,d,a,d,NA,a,d,d,b,a,f,b,d,b,b
b,c,a,d,d,d,b,b,NA,NA,a,a,f,b,d,c,f
b,c,a,a,d,d,NA,a,c,a,a,b,f,b,e,c,a
b,c,a,d,a,d,d,b,NA,NA,a,a,m,b,e,b,a
b,c,a,a,g,a,d,a,c,a,a,a,f,b,e,c,d
b,c,a,d,g,d,NA,a,c,d,a,b,m,b,e,c,d
b,c,a,d,g,d,NA,a,d,a,b,a,n,b,e,c,d
b,c,a,e,e,d,NA,a,d,d,b,a,j,b,d,c,b
b,c,a,b,e,d,NA,a,c,a,a,a,f,b,d,a,g
b,c,a,d,g,d,NA,a,d,d,a,a,j,b,e,c,e
b,c,a,d,e,d,NA,a,b,d,a,a,k,b,d,b,d
b,c,a,d,c,d,c,b,NA,NA,a,a,f,a,d,b,a
b,c,a,b,e,c,b,b,NA,NA,a,a,NA,b,e,b,b
b,c,a,e,a,d,NA,b,NA,NA,a,a,m,b,d,c,e
b,c,a,d,b,a,b,a,a,d,b,a,j,a,e,d,g
b,c,a,e,e,d,c,a,d,a,b,a,k,b,e,c,f
b,c,a,a,a,d,a,a,a,d,a,b,f,b,e,c,f
b,c,a,b,d,d,d,NA,b,NA,NA,a,t,a,c,b,a
b,c,a,e,g,a,b,b,NA,NA,a,a,n,a,b,b,c
b,c,a,a,c,d,d,a,b,d,a,a,m,a,c,b,a
b,c,a,b,f,d,NA,a,c,a,a,NA,b,b,d,c,f
b,c,a,d,h,d,NA,a,d,d,a,a,f,b,c,c,c
b,c,a,e,g,a,b,a,c,d,a,a,t,b,e,d,d
b,c,a,b,g,d,b,b,NA,NA,a,b,j,a,b,c,d
b,c,a,e,g,d,a,a,c,d,b,a,t,b,NA,c,d
b,c,a,e,e,d,b,a,b,a,a,a,f,a,e,a,f
b,c,a,c,f,d,b,a,a,a,a,a,j,NA,e,a,a
b,c,a,a,g,d,c,b,NA,NA,a,a,j,b,d,c,f
b,c,a,a,g,c,c,b,NA,NA,a,a,i,b,d,c,f
b,c,a,e,f,d,c,b,NA,NA,b,a,m,a,e,b,f
b,c,a,d,g,d,d,a,d,a,a,b,k,a,b,b,e
b,c,a,e,g,d,a,a,c,d,b,a,t,b,c,d,f
b,c,a,e,g,d,a,a,c,d,b,a,t,b,c,d,c
b,c,a,e,g,c,c,a,a,a,b,a,j,a,d,c,d
b,c,a,a,b,d,b,b,NA,NA,b,a,f,b,e,c,e
b,c,a,a,i,d,d,b,NA,NA,b,a,m,a,c,a,b
b,c,a,a,a,d,c,b,NA,NA,a,b,b,a,e,c,b
b,c,a,b,g,d,b,b,NA,NA,b,b,k,b,c,d,b
b,c,a,d,g,a,b,a,a,c,b,a,m,b,e,b,e
b,c,a,d,c,b,b,b,NA,NA,a,b,f,b,e,b,a
b,c,a,d,c,a,c,a,a,c,a,b,b,a,e,b,d
b,c,a,d,g,a,b,a,b,a,b,a,f,a,d,d,f
b,c,a,a,g,d,NA,b,NA,NA,b,a,f,b,e,d,a
b,c,a,a,g,d,d,a,b,c,a,b,f,b,e,c,g
b,c,a,e,c,c,c,a,c,b,a,a,i,NA,a,d,b
b,c,a,a,g,d,d,a,b,c,a,b,f,b,e,c,g
b,c,a,e,c,c,c,a,c,b,a,a,i,b,a,d,b
b,c,a,a,g,d,d,a,b,c,a,b,f,b,e,c,g
b,c,a,e,c,c,c,a,c,b,a,a,i,NA,a,d,b
b,c,a,a,g,d,d,a,b,c,a,b,f,b,e,c,g
b,c,a,e,c,c,c,a,c,b,a,a,i,b,a,d,b
b,c,a,a,g,d,d,a,b,c,a,b,f,b,e,c,g
b,c,a,e,c,c,c,a,c,b,a,a,i,NA,a,d,b
b,c,a,a,g,d,d,a,b,c,a,b,d,b,e,c,g
b,c,a,a,e,d,d,a,b,c,NA,b,f,b,e,c,g
b,c,a,e,c,c,c,a,c,b,a,a,i,b,a,d,b
b,c,b,e,g,d,NA,a,d,a,b,a,j,a,e,c,g
b,c,b,d,c,b,d,a,b,a,b,a,NA,b,d,d,e
b,c,b,a,a,c,d,a,d,a,a,a,j,a,c,b,e
b,c,b,e,d,b,b,a,c,a,b,a,f,b,c,c,b
b,c,b,a,d,b,b,a,d,a,b,a,f,b,c,c,b
b,c,b,c,h,d,NA,a,d,a,a,a,f,b,d,c,a
b,c,b,d,e,b,b,a,b,a,a,a,j,b,d,b,a
b,c,b,d,h,d,NA,a,c,d,a,a,NA,b,c,a,g
b,c,b,c,e,d,c,b,NA,NA,a,a,i,a,b,b,d
b,c,b,d,f,d,NA,b,NA,NA,a,a,m,a,d,b,f
b,c,b,d,c,d,NA,b,NA,NA,a,a,m,a,d,b,d
b,c,b,d,d,d,NA,b,NA,NA,a,a,m,b,e,a,f
b,c,b,d,f,d,NA,a,c,a,a,b,NA,a,c,d,d
b,c,b,a,f,d,NA,a,d,c,b,a,m,b,e,b,c
b,c,b,d,h,c,b,b,NA,NA,a,b,b,a,b,b,d
b,c,b,a,e,d,d,a,c,d,a,a,m,b,e,c,e
b,c,b,e,g,d,NA,b,NA,NA,a,b,j,b,e,d,b
b,c,b,e,e,d,d,a,d,d,a,b,t,a,d,c,d
b,c,b,e,f,d,c,a,d,d,a,a,f,b,d,c,a
b,c,b,e,e,d,NA,a,d,d,b,a,f,a,c,b,b
b,c,b,d,d,a,a,b,NA,NA,b,a,j,b,d,a,e
b,c,b,d,h,d,NA,b,NA,NA,a,b,k,b,e,c,b
b,c,b,d,c,b,d,a,b,a,b,a,NA,b,d,d,e
b,c,b,e,d,d,NA,b,NA,NA,a,a,f,a,c,b,e
b,c,b,b,c,c,c,a,d,b,a,b,k,b,c,b,b
b,c,b,e,d,c,NA,b,NA,NA,a,b,f,a,e,d,f
b,c,b,a,g,d,b,a,d,a,b,a,m,b,d,d,c
b,c,b,e,g,c,c,b,NA,NA,b,a,f,b,d,b,d
b,c,b,d,g,d,b,a,d,a,b,a,m,a,e,d,d
b,c,b,e,g,d,NA,b,NA,NA,b,a,t,b,e,d,f
b,c,b,e,d,d,b,a,d,d,b,a,f,b,d,b,c
b,c,b,b,e,d,a,a,b,c,a,a,j,a,c,c,e
b,c,b,c,e,d,d,a,d,d,a,a,f,b,e,c,b
b,c,b,b,d,d,b,b,NA,NA,a,a,f,b,c,b,b
b,c,b,a,e,d,b,b,NA,NA,b,a,f,b,d,d,f
b,c,b,a,e,d,b,b,NA,NA,b,a,f,b,d,d,f
b,c,b,a,e,d,b,b,NA,NA,b,b,f,b,d,d,f
b,c,b,a,g,d,c,a,b,a,a,a,k,a,b,c,a
b,c,b,e,g,d,b,a,d,d,b,a,f,a,c,c,c
b,c,b,a,a,d,b,b,NA,NA,a,a,f,a,e,b,e
b,c,b,a,a,c,a,a,b,a,a,b,f,b,c,b,a
b,c,b,e,i,d,NA,b,NA,NA,a,b,f,b,e,d,d
b,c,b,e,d,b,c,a,c,c,a,b,d,b,c,b,c
b,c,b,e,d,d,c,a,c,a,b,a,b,a,c,b,f
b,c,b,e,a,d,c,b,NA,NA,b,a,f,a,c,d,b
b,c,b,b,a,c,c,b,NA,b,b,NA,a,NA,d,d,d
b,c,b,b,a,c,c,a,c,b,b,NA,a,a,d,d,d
b,c,b,b,a,c,c,b,NA,b,b,NA,a,NA,d,d,d
b,c,b,b,a,c,c,a,c,b,b,NA,a,a,d,d,d
b,c,b,b,a,c,c,b,NA,b,b,NA,a,NA,d,d,d
b,c,b,b,a,c,c,a,c,b,b,NA,a,a,d,d,d
b,d,a,e,h,d,c,b,NA,NA,b,a,f,b,c,c,f
b,d,a,a,c,d,NA,b,NA,NA,a,a,f,a,e,d,a
b,d,a,d,c,d,NA,a,d,a,b,a,f,b,d,b,f
b,d,a,e,g,c,d,a,d,a,a,a,m,b,d,b,d
b,d,a,e,g,c,d,a,d,a,a,a,m,b,e,c,f
b,d,a,d,g,d,a,a,b,d,a,a,f,b,e,b,f
b,d,a,a,f,d,b,a,a,c,b,a,f,b,e,d,f
b,d,a,a,b,a,d,b,NA,NA,a,a,d,b,b,c,e
b,d,a,a,g,d,NA,b,NA,NA,a,a,m,b,c,d,e
b,d,a,c,c,c,c,b,NA,NA,b,a,NA,a,e,a,a
b,d,a,a,d,d,NA,a,d,a,a,a,f,a,e,d,b
b,d,a,a,f,d,NA,b,NA,NA,b,a,f,b,b,d,b
b,d,a,a,h,d,NA,b,NA,NA,a,b,NA,b,d,b,g
b,d,a,e,d,d,NA,b,NA,NA,a,a,a,b,c,d,d
b,d,a,b,g,d,NA,a,d,a,a,a,f,b,d,NA,d
b,d,a,b,d,d,b,a,a,d,a,b,d,b,c,c,e
b,d,a,a,h,d,b,a,c,d,a,a,f,b,e,b,a
b,d,a,d,d,d,NA,a,b,a,a,a,f,b,d,c,e
b,d,a,a,g,d,NA,b,d,NA,a,a,m,b,d,b,f
b,d,a,d,e,d,NA,a,d,d,a,a,j,b,d,c,f
b,d,a,a,d,c,c,a,a,a,a,a,k,b,e,b,a
b,d,a,e,g,d,d,b,NA,NA,b,a,f,b,e,c,f
b,d,a,a,h,d,b,a,d,d,a,NA,d,b,a,c,a
b,d,a,d,e,d,d,a,b,c,a,a,k,b,d,b,e
b,d,a,c,e,d,d,a,d,d,b,a,f,b,e,c,a
b,d,a,c,e,d,b,a,d,d,a,a,f,b,e,c,a
b,d,a,d,e,c,b,a,d,d,a,b,f,b,d,d,f
b,d,a,b,e,d,a,a,c,d,a,a,f,b,e,c,f
b,d,a,c,d,d,b,a,d,d,a,a,f,b,d,c,a
b,d,a,a,e,NA,b,a,NA,NA,a,a,f,b,e,c,d
b,d,a,b,c,a,c,b,NA,NA,b,a,k,b,e,a,e
b,d,a,a,h,d,a,b,NA,NA,a,a,j,b,d,d,d
b,d,a,e,a,d,NA,a,c,a,a,a,k,b,e,b,g
b,d,a,a,a,b,b,a,d,d,b,a,f,b,e,c,a
b,d,a,a,a,d,NA,a,b,a,a,b,b,b,a,a,b
b,d,a,a,e,a,d,a,b,a,a,a,b,b,b,a,a
b,d,a,a,a,b,b,a,d,a,a,a,k,b,c,d,b
b,d,a,c,e,d,d,a,d,d,a,a,f,b,e,c,a
b,d,a,c,d,d,c,b,NA,NA,a,a,f,b,e,b,e
b,d,a,a,h,d,b,a,d,d,b,a,c,b,a,c,c
b,d,a,a,g,d,b,b,NA,NA,a,b,c,a,e,c,b
b,d,a,a,d,c,c,a,d,c,b,a,k,b,c,b,b
b,d,a,b,c,d,a,b,NA,NA,b,a,f,b,d,d,g
b,d,a,d,d,d,NA,a,b,c,a,a,f,b,e,a,a
b,d,a,e,c,d,NA,b,NA,NA,a,b,f,a,d,b,e
b,d,a,b,d,d,b,a,d,a,a,b,j,b,f,d,d
b,d,a,e,d,c,c,a,c,d,a,a,g,a,a,d,g
b,d,a,b,d,d,b,a,d,a,a,b,j,b,f,d,d
b,d,a,b,d,d,b,a,d,a,a,b,j,b,f,d,d
b,d,a,e,d,c,c,a,c,d,a,a,g,a,a,d,g
b,d,a,e,d,c,c,a,c,d,a,a,g,a,a,d,g
b,d,a,b,d,d,b,a,d,a,a,b,j,b,f,d,d
b,d,a,b,d,d,b,a,d,a,a,b,j,b,f,d,d
b,d,a,e,d,c,c,a,c,d,a,a,g,a,a,d,g
b,d,a,e,d,c,c,a,c,d,a,a,g,a,a,d,g
b,d,a,e,d,c,c,a,c,d,a,a,g,a,a,d,g
b,d,b,e,a,c,c,b,NA,NA,b,a,j,b,e,d,f
b,d,b,e,h,c,b,a,b,a,a,b,f,b,b,a,d
b,d,b,a,e,d,c,a,d,d,b,a,m,b,e,d,f
b,d,b,d,g,d,d,b,NA,NA,a,b,k,b,c,b,d
b,d,b,b,e,d,b,b,NA,NA,b,a,i,b,c,d,f
b,d,b,d,c,c,a,a,c,a,a,b,f,b,d,a,c
b,d,b,b,e,d,b,a,c,a,b,a,f,b,c,d,f
b,d,b,d,c,d,NA,a,c,a,b,a,k,b,c,a,c
b,d,b,e,d,d,NA,a,d,d,a,a,f,a,e,d,a
b,d,b,d,c,d,b,b,NA,NA,b,a,b,a,d,b,a
b,d,b,d,c,d,NA,b,NA,NA,a,a,j,b,d,d,d
b,d,b,e,g,d,d,b,NA,NA,a,b,f,b,c,d,a
b,d,b,a,g,d,NA,d,NA,NA,a,b,j,b,c,a,d
b,d,b,a,g,d,b,a,a,d,b,a,t,b,e,c,f
b,d,b,a,e,d,b,a,a,c,b,a,NA,b,e,d,f
b,d,b,b,i,c,b,b,NA,NA,a,a,NA,b,f,a,f
b,d,b,e,c,d,b,a,d,a,a,a,m,a,d,b,e
b,d,b,d,i,d,NA,b,NA,NA,b,a,j,a,c,c,b
b,d,b,a,e,d,d,a,c,d,a,a,m,b,e,b,a
b,d,b,d,e,d,d,a,d,a,a,a,m,b,b,a,f
b,d,b,b,e,d,NA,a,d,a,b,a,f,b,e,b,b
b,d,b,a,e,d,NA,a,c,a,a,b,b,b,e,b,f
b,d,b,a,f,b,b,a,b,d,a,a,f,b,c,c,g
b,d,b,e,d,d,NA,a,b,a,b,a,f,b,c,d,a
b,d,b,e,d,d,d,a,c,d,b,a,f,b,f,c,d
b,d,b,e,d,d,b,a,c,d,b,a,f,b,d,d,a
b,d,b,a,h,d,c,a,c,b,b,a,b,b,d,b,d
b,d,b,e,e,d,NA,a,d,a,b,b,m,b,e,d,b
b,d,b,a,h,d,NA,a,a,d,a,a,n,a,d,d,b
b,d,b,b,e,d,NA,b,NA,b,a,a,m,b,e,b,b
b,d,b,e,d,d,NA,b,NA,NA,a,b,f,b,e,d,c
b,d,b,c,e,d,b,a,a,a,a,a,f,b,e,b,f
b,d,b,e,a,a,c,b,NA,NA,a,a,f,b,b,c,b
b,d,b,e,d,d,b,b,NA,NA,a,a,f,a,c,c,f
b,d,b,c,e,d,b,a,a,a,a,a,j,b,NA,a,f
b,d,b,a,h,d,NA,b,NA,NA,a,a,m,b,d,c,b
b,d,b,e,h,d,a,b,NA,NA,a,a,j,b,d,b,b
b,d,b,c,e,d,b,a,a,a,a,a,f,b,e,b,f
b,d,b,e,a,a,c,b,NA,NA,a,a,NA,b,b,c,b
b,d,b,a,e,d,b,a,a,a,a,a,i,b,e,c,f
b,d,b,c,e,d,b,a,a,d,a,a,j,a,e,b,f
b,d,b,e,d,d,NA,b,NA,NA,b,a,a,b,e,d,c
b,d,b,e,d,d,NA,b,NA,NA,a,a,a,b,e,d,d
b,d,b,e,a,a,c,b,NA,NA,a,a,f,b,b,c,b
b,d,b,c,e,d,b,a,a,a,a,a,f,b,e,b,f
b,d,b,a,a,a,b,a,a,a,b,a,f,a,e,c,d
b,d,b,d,h,a,b,a,b,a,b,a,f,b,e,c,d
b,d,b,e,h,d,NA,b,NA,NA,a,b,m,a,d,d,d
b,e,a,e,f,d,NA,b,d,NA,a,a,j,b,b,b,b
b,e,a,b,e,d,NA,a,b,d,a,a,NA,b,e,d,a
b,e,a,d,e,c,b,b,NA,NA,a,a,j,b,e,c,a
b,e,a,a,h,d,NA,a,d,a,a,b,m,b,d,d,f
b,e,a,b,e,d,c,a,c,d,a,a,f,b,e,b,e
b,e,a,b,e,d,a,a,c,d,a,a,f,b,f,b,e
b,e,a,b,e,d,a,a,c,d,a,a,f,b,e,b,e
b,e,a,a,h,d,a,d,d,b,a,b,c,b,a,c,c
b,e,a,b,e,d,a,a,c,d,a,a,f,b,e,b,e
b,e,b,e,f,c,NA,a,c,a,a,a,k,b,b,b,g
b,e,b,e,f,c,c,a,c,a,a,b,k,a,c,b,d
b,e,b,e,c,d,NA,b,NA,NA,b,a,f,NA,b,b,d
b,e,b,e,i,d,b,b,NA,NA,b,a,b,a,e,b,b
b,e,b,c,c,c,b,b,NA,NA,a,a,h,b,d,b,a
b,e,b,b,e,d,a,a,c,d,a,a,f,b,e,b,e
b,e,b,e,c,d,b,b,NA,NA,b,b,f,b,e,d,e
b,e,b,a,e,d,b,b,d,d,b,NA,f,b,a,c,e
b,e,b,a,g,c,b,a,d,b,a,b,d,a,d,d,d
b,e,b,a,g,c,b,a,d,b,a,b,d,a,d,d,d
b,e,b,d,e,d,NA,a,a,d,a,a,j,b,e,c,a
b,d,a,a,b,b,b,a,c,d,a,b,f,b,d,d,a